2026-08-11 03-01-56 [INFO] [SQL Database] Initialized successfully. Table "jobs" is ready.
2026-08-11 03-01-56 [INFO] Starting Fully Parallel Multi-Platform Scraping Process...
2026-08-11 03-01-56 [INFO] 
🚀 Switching to eJobs category: IT-SOFTWARE 🚀
2026-08-11 03-01-56 [INFO]    [eJobs] Loading page 1 for it-software...
2026-08-11 03-01-56 [INFO] 
🚀 Switching to BestJobs category: IT 🚀
2026-08-11 03-01-56 [INFO]    [BestJobs] Fetching HTML content for 'it'...
2026-08-11 03-01-56 [INFO] 
🚀 Switching to LinkedIn category: SOFTWARE 🚀
2026-08-11 03-01-56 [INFO]    [LinkedIn] Fetching HTML content for 'Software'...
2026-08-11 03-02-01 [INFO]       [Selenium - eJobs] Incremental scroll to 1500px (1/7)...
2026-08-11 03-02-01 [INFO]    [Selenium - LinkedIn] Starting scroll down loop to load jobs...
2026-08-11 03-02-02 [INFO]       [Selenium - eJobs] Incremental scroll to 3000px (2/7)...
2026-08-11 03-02-03 [INFO]    [Selenium - BestJobs] Starting progressive manual scroll and click loop...
2026-08-11 03-02-03 [INFO]       [Selenium - eJobs] Incremental scroll to 4500px (3/7)...
2026-08-11 03-02-04 [INFO]       [Selenium - eJobs] Incremental scroll to 6000px (4/7)...
2026-08-11 03-02-06 [INFO]       [Selenium - eJobs] Incremental scroll to 7500px (5/7)...
2026-08-11 03-02-07 [INFO]    [Selenium - BestJobs] Clicked 'Load more' (1/50). Loading next batch...
2026-08-11 03-02-07 [INFO]       [Selenium - eJobs] Incremental scroll to 9000px (6/7)...
2026-08-11 03-02-08 [INFO]       [Selenium - eJobs] Incremental scroll to 10500px (7/7)...
2026-08-11 03-02-11 [INFO]    [Selenium - BestJobs] Clicked 'Load more' (2/50). Loading next batch...
2026-08-11 03-02-11 [INFO]    [eJobs] Loading page 2 for it-software...
2026-08-11 03-02-13 [INFO]       [Selenium - eJobs] Incremental scroll to 1500px (1/7)...
2026-08-11 03-02-14 [INFO]       [Selenium - eJobs] Incremental scroll to 3000px (2/7)...
2026-08-11 03-02-15 [INFO]       [Selenium - eJobs] Incremental scroll to 4500px (3/7)...
2026-08-11 03-02-16 [INFO]    [Selenium - BestJobs] Clicked 'Load more' (3/50). Loading next batch...
2026-08-11 03-02-17 [INFO]       [Selenium - eJobs] Incremental scroll to 6000px (4/7)...
2026-08-11 03-02-18 [INFO]       [Selenium - eJobs] Incremental scroll to 7500px (5/7)...
2026-08-11 03-02-18 [INFO]    [Selenium - LinkedIn] Clicked 'Load More' button.
2026-08-11 03-02-19 [INFO]       [Selenium - eJobs] Incremental scroll to 9000px (6/7)...
2026-08-11 03-02-20 [INFO]    [Selenium - BestJobs] Clicked 'Load more' (4/50). Loading next batch...
2026-08-11 03-02-20 [INFO]       [Selenium - eJobs] Incremental scroll to 10500px (7/7)...
2026-08-11 03-02-22 [INFO]    [Selenium - LinkedIn] Clicked 'Load More' button.
2026-08-11 03-02-24 [INFO]    [eJobs] Loading page 3 for it-software...
2026-08-11 03-02-25 [INFO]    [Selenium - BestJobs] Clicked 'Load more' (5/50). Loading next batch...
2026-08-11 03-02-25 [INFO]       [Selenium - eJobs] Incremental scroll to 1500px (1/7)...
2026-08-11 03-02-26 [INFO]       [Selenium - eJobs] Incremental scroll to 3000px (2/7)...
2026-08-11 03-02-26 [INFO]    [Selenium - LinkedIn] Clicked 'Load More' button.
2026-08-11 03-02-27 [INFO]       [Selenium - eJobs] Incremental scroll to 4500px (3/7)...
2026-08-11 03-02-28 [INFO]       [Selenium - eJobs] Incremental scroll to 6000px (4/7)...
2026-08-11 03-02-30 [INFO]    [Selenium - BestJobs] Clicked 'Load more' (6/50). Loading next batch...
2026-08-11 03-02-30 [INFO]       [Selenium - eJobs] Incremental scroll to 7500px (5/7)...
2026-08-11 03-02-30 [INFO]    [Selenium - LinkedIn] Clicked 'Load More' button.
2026-08-11 03-02-31 [INFO]       [Selenium - eJobs] Incremental scroll to 9000px (6/7)...
2026-08-11 03-02-32 [INFO]       [Selenium - eJobs] Incremental scroll to 10500px (7/7)...
2026-08-11 03-02-34 [INFO]    [Selenium - LinkedIn] Clicked 'Load More' button.
2026-08-11 03-02-35 [INFO]    [Selenium - BestJobs] Clicked 'Load more' (7/50). Loading next batch...
2026-08-11 03-02-35 [INFO]    [eJobs] Loading page 4 for it-software...
2026-08-11 03-02-37 [INFO]       [Selenium - eJobs] Incremental scroll to 1500px (1/7)...
2026-08-11 03-02-38 [INFO]       [Selenium - eJobs] Incremental scroll to 3000px (2/7)...
2026-08-11 03-02-38 [INFO]    [Selenium - LinkedIn] Clicked 'Load More' button.
2026-08-11 03-02-39 [INFO]       [Selenium - eJobs] Incremental scroll to 4500px (3/7)...
2026-08-11 03-02-41 [INFO]    [Selenium - BestJobs] Clicked 'Load more' (8/50). Loading next batch...
2026-08-11 03-02-41 [INFO]       [Selenium - eJobs] Incremental scroll to 6000px (4/7)...
2026-08-11 03-02-42 [INFO]       [Selenium - eJobs] Incremental scroll to 7500px (5/7)...
2026-08-11 03-02-42 [INFO]    [Selenium - LinkedIn] Clicked 'Load More' button.
2026-08-11 03-02-43 [INFO]       [Selenium - eJobs] Incremental scroll to 9000px (6/7)...
2026-08-11 03-02-44 [INFO]       [Selenium - eJobs] Incremental scroll to 10500px (7/7)...
2026-08-11 03-02-46 [INFO]    [Selenium - BestJobs] Clicked 'Load more' (9/50). Loading next batch...
2026-08-11 03-02-47 [INFO]    [Selenium - LinkedIn] Clicked 'Load More' button.
2026-08-11 03-02-48 [INFO]    [eJobs] Loading page 5 for it-software...
2026-08-11 03-02-49 [INFO]       [Selenium - eJobs] Incremental scroll to 1500px (1/7)...
2026-08-11 03-02-50 [INFO]       [Selenium - eJobs] Incremental scroll to 3000px (2/7)...
2026-08-11 03-02-51 [INFO]    [Selenium - LinkedIn] Clicked 'Load More' button.
2026-08-11 03-02-51 [INFO]       [Selenium - eJobs] Incremental scroll to 4500px (3/7)...
2026-08-11 03-02-52 [INFO]    [Selenium - BestJobs] Clicked 'Load more' (10/50). Loading next batch...
2026-08-11 03-02-53 [INFO]       [Selenium - eJobs] Incremental scroll to 6000px (4/7)...
2026-08-11 03-02-54 [INFO]       [Selenium - eJobs] Incremental scroll to 7500px (5/7)...
2026-08-11 03-02-55 [INFO]    [Selenium - LinkedIn] Clicked 'Load More' button.
2026-08-11 03-02-55 [INFO]       [Selenium - eJobs] Incremental scroll to 9000px (6/7)...
2026-08-11 03-02-56 [INFO]       [Selenium - eJobs] Incremental scroll to 10500px (7/7)...
2026-08-11 03-02-57 [INFO]    [Selenium - BestJobs] Clicked 'Load more' (11/50). Loading next batch...
2026-08-11 03-02-59 [INFO]    [Selenium - LinkedIn] Clicked 'Load More' button.
2026-08-11 03-03-00 [INFO]    [eJobs] Loading page 6 for it-software...
2026-08-11 03-03-01 [INFO]       [Selenium - eJobs] Incremental scroll to 1500px (1/7)...
2026-08-11 03-03-02 [INFO]       [Selenium - eJobs] Incremental scroll to 3000px (2/7)...
2026-08-11 03-03-03 [INFO]    [Selenium - LinkedIn] Clicked 'Load More' button.
2026-08-11 03-03-03 [INFO]    [Selenium - BestJobs] Clicked 'Load more' (12/50). Loading next batch...
2026-08-11 03-03-04 [INFO]       [Selenium - eJobs] Incremental scroll to 4500px (3/7)...
2026-08-11 03-03-05 [INFO]       [Selenium - eJobs] Incremental scroll to 6000px (4/7)...
2026-08-11 03-03-06 [INFO]       [Selenium - eJobs] Incremental scroll to 7500px (5/7)...
2026-08-11 03-03-07 [INFO]    [Selenium - LinkedIn] Clicked 'Load More' button.
2026-08-11 03-03-07 [INFO]       [Selenium - eJobs] Incremental scroll to 9000px (6/7)...
2026-08-11 03-03-08 [INFO]       [Selenium - eJobs] Incremental scroll to 10500px (7/7)...
2026-08-11 03-03-10 [INFO]    [Selenium - BestJobs] Clicked 'Load more' (13/50). Loading next batch...
2026-08-11 03-03-11 [INFO]    [Selenium - LinkedIn] Clicked 'Load More' button.
2026-08-11 03-03-12 [INFO]    [eJobs] Loading page 7 for it-software...
2026-08-11 03-03-14 [INFO]       [Selenium - eJobs] Incremental scroll to 1500px (1/7)...
2026-08-11 03-03-15 [INFO]    [Selenium - LinkedIn] Clicked 'Load More' button.
2026-08-11 03-03-15 [INFO]       [Selenium - eJobs] Incremental scroll to 3000px (2/7)...
2026-08-11 03-03-16 [INFO]       [Selenium - eJobs] Incremental scroll to 4500px (3/7)...
2026-08-11 03-03-17 [INFO]    [Selenium - BestJobs] Clicked 'Load more' (14/50). Loading next batch...
2026-08-11 03-03-18 [INFO]       [Selenium - eJobs] Incremental scroll to 6000px (4/7)...
2026-08-11 03-03-19 [INFO]       [Selenium - eJobs] Incremental scroll to 7500px (5/7)...
2026-08-11 03-03-19 [INFO]    [Selenium - LinkedIn] Clicked 'Load More' button.
2026-08-11 03-03-20 [INFO]       [Selenium - eJobs] Incremental scroll to 9000px (6/7)...
2026-08-11 03-03-21 [INFO]       [Selenium - eJobs] Incremental scroll to 10500px (7/7)...
2026-08-11 03-03-23 [INFO]    [Selenium - LinkedIn] Clicked 'Load More' button.
2026-08-11 03-03-23 [INFO]    [Selenium - BestJobs] Clicked 'Load more' (15/50). Loading next batch...
2026-08-11 03-03-25 [INFO]    [eJobs] Loading page 8 for it-software...
2026-08-11 03-03-26 [INFO]       [Selenium - eJobs] Incremental scroll to 1500px (1/7)...
2026-08-11 03-03-27 [INFO]       [Selenium - eJobs] Incremental scroll to 3000px (2/7)...
2026-08-11 03-03-27 [INFO]    [Selenium - LinkedIn] Clicked 'Load More' button.
2026-08-11 03-03-28 [INFO]       [Selenium - eJobs] Incremental scroll to 4500px (3/7)...
2026-08-11 03-03-29 [INFO]       [Selenium - eJobs] Incremental scroll to 6000px (4/7)...
2026-08-11 03-03-31 [INFO]       [Selenium - eJobs] Incremental scroll to 7500px (5/7)...
2026-08-11 03-03-31 [INFO]    [Selenium - BestJobs] Clicked 'Load more' (16/50). Loading next batch...
2026-08-11 03-03-31 [INFO]    [Selenium - LinkedIn] Clicked 'Load More' button.
2026-08-11 03-03-32 [INFO]       [Selenium - eJobs] Incremental scroll to 9000px (6/7)...
2026-08-11 03-03-33 [INFO]       [Selenium - eJobs] Incremental scroll to 10500px (7/7)...
2026-08-11 03-03-34 [INFO]    [eJobs] No jobs found on page 8. Reached end of category it-software.
2026-08-11 03-03-34 [INFO]    [Session - eJobs] Captured 6 cookies + real UA from the browser session for category 'it-software'.
2026-08-11 03-03-34 [INFO] 🔥 Starting async processing for 192 raw eJobs jobs in 'it-software'...
2026-08-11 03-03-34 [INFO]    [Session Reuse] Using 6 cookies from Selenium, over a curl_cffi client impersonating Chrome at the TLS/HTTP2 level.
2026-08-11 03-03-35 [INFO]    [Selenium - LinkedIn] Clicked 'Load More' button.
2026-08-11 03-03-38 [INFO]    [Selenium - BestJobs] Clicked 'Load more' (17/50). Loading next batch...
2026-08-11 03-03-39 [INFO]    [Selenium - LinkedIn] Clicked 'Load More' button.
2026-08-11 03-03-43 [INFO]    [Selenium - LinkedIn] Clicked 'Load More' button.
2026-08-11 03-03-46 [INFO]    [Selenium - BestJobs] Clicked 'Load more' (18/50). Loading next batch...
2026-08-11 03-03-47 [INFO]    [Selenium - LinkedIn] Clicked 'Load More' button.
2026-08-11 03-03-51 [INFO]    [Selenium - LinkedIn] Clicked 'Load More' button.
2026-08-11 03-03-54 [INFO]    [Selenium - BestJobs] Clicked 'Load more' (19/50). Loading next batch...
2026-08-11 03-03-55 [INFO]    [Selenium - LinkedIn] Clicked 'Load More' button.
2026-08-11 03-03-58 [INFO]    [Selenium - LinkedIn] End of jobs reached after 32 scrolls. Stopping.
2026-08-11 03-03-58 [INFO]    [LinkedIn] Parsing job cards for 'Software'...
2026-08-11 03-03-58 [INFO] [Soup - LinkedIn] Found 369 raw job cards.
2026-08-11 03-03-58 [INFO] 🔥 Starting async processing for 367 raw LinkedIn jobs in 'Software'...
2026-08-11 03-04-02 [INFO]    [Selenium - BestJobs] Clicked 'Load more' (20/50). Loading next batch...
2026-08-11 03-04-10 [INFO]    [Selenium - BestJobs] Clicked 'Load more' (21/50). Loading next batch...
2026-08-11 03-04-19 [INFO]    [Selenium - BestJobs] Clicked 'Load more' (22/50). Loading next batch...
2026-08-11 03-04-28 [INFO]    [Selenium - BestJobs] Clicked 'Load more' (23/50). Loading next batch...
2026-08-11 03-04-37 [INFO]    [Selenium - BestJobs] Clicked 'Load more' (24/50). Loading next batch...
2026-08-11 03-04-46 [INFO]    [Selenium - BestJobs] Clicked 'Load more' (25/50). Loading next batch...
2026-08-11 03-04-56 [INFO]    [Selenium - BestJobs] Clicked 'Load more' (26/50). Loading next batch...
2026-08-11 03-05-06 [INFO]    [Selenium - BestJobs] Clicked 'Load more' (27/50). Loading next batch...
2026-08-11 03-05-17 [INFO]    [Selenium - BestJobs] Clicked 'Load more' (28/50). Loading next batch...
2026-08-11 03-05-27 [INFO]    [Selenium - BestJobs] Clicked 'Load more' (29/50). Loading next batch...
2026-08-11 03-05-38 [INFO]    [Selenium - BestJobs] Clicked 'Load more' (30/50). Loading next batch...
2026-08-11 03-05-50 [INFO]    [Selenium - BestJobs] Clicked 'Load more' (31/50). Loading next batch...
2026-08-11 03-06-01 [INFO]    [Selenium - BestJobs] Clicked 'Load more' (32/50). Loading next batch...
2026-08-11 03-06-13 [INFO]    [Selenium - BestJobs] Clicked 'Load more' (33/50). Loading next batch...
2026-08-11 03-06-25 [INFO]    [Selenium - BestJobs] Clicked 'Load more' (34/50). Loading next batch...
2026-08-11 03-06-38 [INFO]    [Selenium - BestJobs] Clicked 'Load more' (35/50). Loading next batch...
2026-08-11 03-06-50 [INFO]    [Selenium - BestJobs] Clicked 'Load more' (36/50). Loading next batch...
2026-08-11 03-07-05 [INFO]    [Selenium - BestJobs] Clicked 'Load more' (37/50). Loading next batch...
2026-08-11 03-07-17 [INFO]    [Selenium - BestJobs] Clicked 'Load more' (38/50). Loading next batch...
2026-08-11 03-07-31 [INFO]    [Selenium - BestJobs] Clicked 'Load more' (39/50). Loading next batch...
2026-08-11 03-07-45 [INFO]    [Selenium - BestJobs] Clicked 'Load more' (40/50). Loading next batch...
2026-08-11 03-07-59 [INFO]    [Selenium - BestJobs] Clicked 'Load more' (41/50). Loading next batch...
2026-08-11 03-08-13 [INFO]    [Selenium - BestJobs] Clicked 'Load more' (42/50). Loading next batch...
2026-08-11 03-08-28 [INFO]    [Selenium - BestJobs] Clicked 'Load more' (43/50). Loading next batch...
2026-08-11 03-08-44 [INFO]    [Selenium - BestJobs] Clicked 'Load more' (44/50). Loading next batch...
2026-08-11 03-09-00 [INFO]    [Selenium - BestJobs] Clicked 'Load more' (45/50). Loading next batch...
2026-08-11 03-09-15 [INFO]    [Selenium - BestJobs] Clicked 'Load more' (46/50). Loading next batch...
2026-08-11 03-09-29 [INFO]    [Selenium - BestJobs] Clicked 'Load more' (47/50). Loading next batch...
2026-08-11 03-09-41 [INFO]    [Selenium - BestJobs] Clicked 'Load more' (48/50). Loading next batch...
2026-08-11 03-09-55 [INFO]    [Selenium - BestJobs] Clicked 'Load more' (49/50). Loading next batch...
2026-08-11 03-10-08 [INFO]    [Selenium - BestJobs] Clicked 'Load more' (50/50). Loading next batch...
2026-08-11 03-10-11 [INFO] 
[Soup - BestJobs] Total jobs loaded after deep scroll: 1123 !
2026-08-11 03-10-13 [INFO] 🔥 Starting async processing for 1026 raw BestJobs jobs in 'it'...
2026-08-11 03-12-46 [INFO]    [Parser Engine - eJobs] Starting analytical parsing for 192 fetched pages...
2026-08-11 03-12-50 [INFO]    [Fetch Summary] raw=192 | saved=103 | never_fetched=0
2026-08-11 03-12-50 [INFO] [eJobs Category Summary] 'it-software': raw=192 saved=103 lost=89
2026-08-11 03-12-50 [INFO]    [eJobs Filter] Queued 'it-software' for DB save (103 jobs).
2026-08-11 03-12-50 [INFO]    [Cooldown - eJobs] Pausing 8s before next eJobs category...
2026-08-11 03-12-50 [INFO] [SQL Database] Done! Out of 103 filtered jobs, 103 were NEW and successfully saved.
2026-08-11 03-12-55 [INFO] 
🚀 Switching to eJobs category: INTERNET-E-COMMERCE 🚀
2026-08-11 03-12-56 [INFO]    [eJobs] Loading page 1 for internet-e-commerce...
2026-08-11 03-12-57 [INFO]       [Selenium - eJobs] Incremental scroll to 1500px (1/7)...
2026-08-11 03-12-59 [INFO]       [Selenium - eJobs] Incremental scroll to 3000px (2/7)...
2026-08-11 03-13-00 [INFO]       [Selenium - eJobs] Incremental scroll to 4500px (3/7)...
2026-08-11 03-13-01 [INFO]       [Selenium - eJobs] Incremental scroll to 6000px (4/7)...
2026-08-11 03-13-02 [INFO]       [Selenium - eJobs] Incremental scroll to 7500px (5/7)...
2026-08-11 03-13-03 [INFO]       [Selenium - eJobs] Incremental scroll to 9000px (6/7)...
2026-08-11 03-13-05 [INFO]       [Selenium - eJobs] Incremental scroll to 10500px (7/7)...
2026-08-11 03-13-08 [INFO]    [eJobs] Loading page 2 for internet-e-commerce...
2026-08-11 03-13-09 [INFO]       [Selenium - eJobs] Incremental scroll to 1500px (1/7)...
2026-08-11 03-13-10 [INFO]       [Selenium - eJobs] Incremental scroll to 3000px (2/7)...
2026-08-11 03-13-12 [INFO]       [Selenium - eJobs] Incremental scroll to 4500px (3/7)...
2026-08-11 03-13-13 [INFO]       [Selenium - eJobs] Incremental scroll to 6000px (4/7)...
2026-08-11 03-13-14 [INFO]       [Selenium - eJobs] Incremental scroll to 7500px (5/7)...
2026-08-11 03-13-15 [INFO]       [Selenium - eJobs] Incremental scroll to 9000px (6/7)...
2026-08-11 03-13-16 [INFO]       [Selenium - eJobs] Incremental scroll to 10500px (7/7)...
2026-08-11 03-13-20 [INFO]    [eJobs] Loading page 3 for internet-e-commerce...
2026-08-11 03-13-21 [INFO]       [Selenium - eJobs] Incremental scroll to 1500px (1/7)...
2026-08-11 03-13-22 [INFO]       [Selenium - eJobs] Incremental scroll to 3000px (2/7)...
2026-08-11 03-13-24 [INFO]       [Selenium - eJobs] Incremental scroll to 4500px (3/7)...
2026-08-11 03-13-25 [INFO]       [Selenium - eJobs] Incremental scroll to 6000px (4/7)...
2026-08-11 03-13-26 [INFO]       [Selenium - eJobs] Incremental scroll to 7500px (5/7)...
2026-08-11 03-13-27 [INFO]       [Selenium - eJobs] Incremental scroll to 9000px (6/7)...
2026-08-11 03-13-28 [INFO]       [Selenium - eJobs] Incremental scroll to 10500px (7/7)...
2026-08-11 03-13-32 [INFO]    [eJobs] Loading page 4 for internet-e-commerce...
2026-08-11 03-13-33 [INFO]       [Selenium - eJobs] Incremental scroll to 1500px (1/7)...
2026-08-11 03-13-34 [INFO]       [Selenium - eJobs] Incremental scroll to 3000px (2/7)...
2026-08-11 03-13-35 [INFO]       [Selenium - eJobs] Incremental scroll to 4500px (3/7)...
2026-08-11 03-13-37 [INFO]       [Selenium - eJobs] Incremental scroll to 6000px (4/7)...
2026-08-11 03-13-38 [INFO]       [Selenium - eJobs] Incremental scroll to 7500px (5/7)...
2026-08-11 03-13-39 [INFO]       [Selenium - eJobs] Incremental scroll to 9000px (6/7)...
2026-08-11 03-13-40 [INFO]       [Selenium - eJobs] Incremental scroll to 10500px (7/7)...
2026-08-11 03-13-44 [INFO]    [eJobs] Loading page 5 for internet-e-commerce...
2026-08-11 03-13-45 [INFO]       [Selenium - eJobs] Incremental scroll to 1500px (1/7)...
2026-08-11 03-13-46 [INFO]       [Selenium - eJobs] Incremental scroll to 3000px (2/7)...
2026-08-11 03-13-47 [INFO]       [Selenium - eJobs] Incremental scroll to 4500px (3/7)...
2026-08-11 03-13-49 [INFO]       [Selenium - eJobs] Incremental scroll to 6000px (4/7)...
2026-08-11 03-13-50 [INFO]       [Selenium - eJobs] Incremental scroll to 7500px (5/7)...
2026-08-11 03-13-51 [INFO]       [Selenium - eJobs] Incremental scroll to 9000px (6/7)...
2026-08-11 03-13-52 [INFO]       [Selenium - eJobs] Incremental scroll to 10500px (7/7)...
2026-08-11 03-13-56 [INFO]    [eJobs] Loading page 6 for internet-e-commerce...
2026-08-11 03-13-57 [INFO]       [Selenium - eJobs] Incremental scroll to 1500px (1/7)...
2026-08-11 03-13-58 [INFO]       [Selenium - eJobs] Incremental scroll to 3000px (2/7)...
2026-08-11 03-14-00 [INFO]       [Selenium - eJobs] Incremental scroll to 4500px (3/7)...
2026-08-11 03-14-01 [INFO]       [Selenium - eJobs] Incremental scroll to 6000px (4/7)...
2026-08-11 03-14-02 [INFO]       [Selenium - eJobs] Incremental scroll to 7500px (5/7)...
2026-08-11 03-14-03 [INFO]       [Selenium - eJobs] Incremental scroll to 9000px (6/7)...
2026-08-11 03-14-04 [INFO]       [Selenium - eJobs] Incremental scroll to 10500px (7/7)...
2026-08-11 03-14-08 [INFO]    [eJobs] Loading page 7 for internet-e-commerce...
2026-08-11 03-14-09 [INFO]       [Selenium - eJobs] Incremental scroll to 1500px (1/7)...
2026-08-11 03-14-10 [INFO]       [Selenium - eJobs] Incremental scroll to 3000px (2/7)...
2026-08-11 03-14-12 [INFO]       [Selenium - eJobs] Incremental scroll to 4500px (3/7)...
2026-08-11 03-14-13 [INFO]       [Selenium - eJobs] Incremental scroll to 6000px (4/7)...
2026-08-11 03-14-14 [INFO]       [Selenium - eJobs] Incremental scroll to 7500px (5/7)...
2026-08-11 03-14-15 [INFO]       [Selenium - eJobs] Incremental scroll to 9000px (6/7)...
2026-08-11 03-14-16 [INFO]       [Selenium - eJobs] Incremental scroll to 10500px (7/7)...
2026-08-11 03-14-20 [INFO]    [eJobs] Loading page 8 for internet-e-commerce...
2026-08-11 03-14-22 [INFO]       [Selenium - eJobs] Incremental scroll to 1500px (1/7)...
2026-08-11 03-14-23 [INFO]       [Selenium - eJobs] Incremental scroll to 3000px (2/7)...
2026-08-11 03-14-24 [INFO]       [Selenium - eJobs] Incremental scroll to 4500px (3/7)...
2026-08-11 03-14-25 [INFO]       [Selenium - eJobs] Incremental scroll to 6000px (4/7)...
2026-08-11 03-14-27 [INFO]       [Selenium - eJobs] Incremental scroll to 7500px (5/7)...
2026-08-11 03-14-28 [INFO]       [Selenium - eJobs] Incremental scroll to 9000px (6/7)...
2026-08-11 03-14-29 [INFO]       [Selenium - eJobs] Incremental scroll to 10500px (7/7)...
2026-08-11 03-14-32 [INFO]    [eJobs] Loading page 9 for internet-e-commerce...
2026-08-11 03-14-33 [INFO]    [Parser Engine - LinkedIn] Analyzing descriptions for fetched pages...
2026-08-11 03-14-34 [INFO]       [Selenium - eJobs] Incremental scroll to 1500px (1/7)...
2026-08-11 03-14-35 [INFO]       [Selenium - eJobs] Incremental scroll to 3000px (2/7)...
2026-08-11 03-14-36 [INFO]       [Selenium - eJobs] Incremental scroll to 4500px (3/7)...
2026-08-11 03-14-38 [INFO]       [Selenium - eJobs] Incremental scroll to 6000px (4/7)...
2026-08-11 03-14-39 [INFO]       [Selenium - eJobs] Incremental scroll to 7500px (5/7)...
2026-08-11 03-14-40 [INFO]       [Selenium - eJobs] Incremental scroll to 9000px (6/7)...
2026-08-11 03-14-41 [INFO]       [Selenium - eJobs] Incremental scroll to 10500px (7/7)...
2026-08-11 03-14-54 [INFO]    [LinkedIn Filter] Queued 'Software' for DB save (334 jobs).
2026-08-11 03-14-55 [INFO]    [Cooldown - LinkedIn] Pausing 10s before next LinkedIn category...
2026-08-11 03-14-55 [INFO] [SQL Database] Done! Out of 334 filtered jobs, 334 were NEW and successfully saved.
2026-08-11 03-14-57 [INFO]    [eJobs] Loading page 10 for internet-e-commerce...
2026-08-11 03-14-58 [INFO]       [Selenium - eJobs] Incremental scroll to 1500px (1/7)...
2026-08-11 03-14-59 [INFO]       [Selenium - eJobs] Incremental scroll to 3000px (2/7)...
2026-08-11 03-15-00 [INFO]       [Selenium - eJobs] Incremental scroll to 4500px (3/7)...
2026-08-11 03-15-02 [INFO]       [Selenium - eJobs] Incremental scroll to 6000px (4/7)...
2026-08-11 03-15-03 [INFO]       [Selenium - eJobs] Incremental scroll to 7500px (5/7)...
2026-08-11 03-15-04 [INFO]       [Selenium - eJobs] Incremental scroll to 9000px (6/7)...
2026-08-11 03-15-05 [INFO] 
🚀 Switching to LinkedIn category: BACKEND 🚀
2026-08-11 03-15-05 [INFO]    [LinkedIn] Fetching HTML content for 'Backend'...
2026-08-11 03-15-05 [INFO]       [Selenium - eJobs] Incremental scroll to 10500px (7/7)...
2026-08-11 03-15-07 [INFO]    [Selenium - LinkedIn] Starting scroll down loop to load jobs...
2026-08-11 03-15-09 [INFO]    [eJobs] Loading page 11 for internet-e-commerce...
2026-08-11 03-15-10 [INFO]       [Selenium - eJobs] Incremental scroll to 1500px (1/7)...
2026-08-11 03-15-11 [INFO]       [Selenium - eJobs] Incremental scroll to 3000px (2/7)...
2026-08-11 03-15-12 [INFO]       [Selenium - eJobs] Incremental scroll to 4500px (3/7)...
2026-08-11 03-15-14 [INFO]       [Selenium - eJobs] Incremental scroll to 6000px (4/7)...
2026-08-11 03-15-15 [INFO]       [Selenium - eJobs] Incremental scroll to 7500px (5/7)...
2026-08-11 03-15-16 [INFO]       [Selenium - eJobs] Incremental scroll to 9000px (6/7)...
2026-08-11 03-15-17 [INFO]       [Selenium - eJobs] Incremental scroll to 10500px (7/7)...
2026-08-11 03-15-21 [INFO]    [eJobs] Loading page 12 for internet-e-commerce...
2026-08-11 03-15-22 [INFO]       [Selenium - eJobs] Incremental scroll to 1500px (1/7)...
2026-08-11 03-15-23 [INFO]       [Selenium - eJobs] Incremental scroll to 3000px (2/7)...
2026-08-11 03-15-23 [INFO]    [Selenium - LinkedIn] Clicked 'Load More' button.
2026-08-11 03-15-24 [INFO]       [Selenium - eJobs] Incremental scroll to 4500px (3/7)...
2026-08-11 03-15-26 [INFO]       [Selenium - eJobs] Incremental scroll to 6000px (4/7)...
2026-08-11 03-15-27 [INFO]       [Selenium - eJobs] Incremental scroll to 7500px (5/7)...
2026-08-11 03-15-27 [INFO]    [Selenium - LinkedIn] Clicked 'Load More' button.
2026-08-11 03-15-28 [INFO]       [Selenium - eJobs] Incremental scroll to 9000px (6/7)...
2026-08-11 03-15-29 [INFO]       [Selenium - eJobs] Incremental scroll to 10500px (7/7)...
2026-08-11 03-15-31 [INFO]    [Selenium - LinkedIn] Clicked 'Load More' button.
2026-08-11 03-15-33 [INFO]    [eJobs] Loading page 13 for internet-e-commerce...
2026-08-11 03-15-34 [INFO]       [Selenium - eJobs] Incremental scroll to 1500px (1/7)...
2026-08-11 03-15-35 [INFO]       [Selenium - eJobs] Incremental scroll to 3000px (2/7)...
2026-08-11 03-15-35 [INFO]    [Selenium - LinkedIn] Clicked 'Load More' button.
2026-08-11 03-15-36 [INFO]       [Selenium - eJobs] Incremental scroll to 4500px (3/7)...
2026-08-11 03-15-38 [INFO]       [Selenium - eJobs] Incremental scroll to 6000px (4/7)...
2026-08-11 03-15-39 [INFO]       [Selenium - eJobs] Incremental scroll to 7500px (5/7)...
2026-08-11 03-15-39 [INFO]    [Selenium - LinkedIn] Clicked 'Load More' button.
2026-08-11 03-15-40 [INFO]       [Selenium - eJobs] Incremental scroll to 9000px (6/7)...
2026-08-11 03-15-41 [INFO]       [Selenium - eJobs] Incremental scroll to 10500px (7/7)...
2026-08-11 03-15-44 [INFO]    [Selenium - LinkedIn] Clicked 'Load More' button.
2026-08-11 03-15-45 [INFO]    [eJobs] Loading page 14 for internet-e-commerce...
2026-08-11 03-15-46 [INFO]       [Selenium - eJobs] Incremental scroll to 1500px (1/7)...
2026-08-11 03-15-47 [INFO]       [Selenium - eJobs] Incremental scroll to 3000px (2/7)...
2026-08-11 03-15-48 [INFO]    [Selenium - LinkedIn] Clicked 'Load More' button.
2026-08-11 03-15-48 [INFO]       [Selenium - eJobs] Incremental scroll to 4500px (3/7)...
2026-08-11 03-15-50 [INFO]       [Selenium - eJobs] Incremental scroll to 6000px (4/7)...
2026-08-11 03-15-51 [INFO]       [Selenium - eJobs] Incremental scroll to 7500px (5/7)...
2026-08-11 03-15-52 [INFO]    [Selenium - LinkedIn] Clicked 'Load More' button.
2026-08-11 03-15-52 [INFO]       [Selenium - eJobs] Incremental scroll to 9000px (6/7)...
2026-08-11 03-15-53 [INFO]       [Selenium - eJobs] Incremental scroll to 10500px (7/7)...
2026-08-11 03-15-56 [INFO]    [Selenium - LinkedIn] Clicked 'Load More' button.
2026-08-11 03-15-57 [INFO]    [eJobs] Loading page 15 for internet-e-commerce...
2026-08-11 03-15-58 [INFO]       [Selenium - eJobs] Incremental scroll to 1500px (1/7)...
2026-08-11 03-16-00 [INFO]       [Selenium - eJobs] Incremental scroll to 3000px (2/7)...
2026-08-11 03-16-00 [INFO]    [Selenium - LinkedIn] Clicked 'Load More' button.
2026-08-11 03-16-01 [INFO]       [Selenium - eJobs] Incremental scroll to 4500px (3/7)...
2026-08-11 03-16-02 [INFO]       [Selenium - eJobs] Incremental scroll to 6000px (4/7)...
2026-08-11 03-16-03 [INFO]       [Selenium - eJobs] Incremental scroll to 7500px (5/7)...
2026-08-11 03-16-04 [INFO]    [Selenium - LinkedIn] Clicked 'Load More' button.
2026-08-11 03-16-04 [INFO]       [Selenium - eJobs] Incremental scroll to 9000px (6/7)...
2026-08-11 03-16-06 [INFO]       [Selenium - eJobs] Incremental scroll to 10500px (7/7)...
2026-08-11 03-16-08 [INFO]    [Selenium - LinkedIn] Clicked 'Load More' button.
2026-08-11 03-16-09 [INFO]    [eJobs] Loading page 16 for internet-e-commerce...
2026-08-11 03-16-10 [INFO]       [Selenium - eJobs] Incremental scroll to 1500px (1/7)...
2026-08-11 03-16-11 [INFO]       [Selenium - eJobs] Incremental scroll to 3000px (2/7)...
2026-08-11 03-16-12 [INFO]    [Selenium - LinkedIn] Clicked 'Load More' button.
2026-08-11 03-16-13 [INFO]       [Selenium - eJobs] Incremental scroll to 4500px (3/7)...
2026-08-11 03-16-14 [INFO]       [Selenium - eJobs] Incremental scroll to 6000px (4/7)...
2026-08-11 03-16-15 [INFO]       [Selenium - eJobs] Incremental scroll to 7500px (5/7)...
2026-08-11 03-16-16 [INFO]    [Selenium - LinkedIn] Clicked 'Load More' button.
2026-08-11 03-16-16 [INFO]       [Selenium - eJobs] Incremental scroll to 9000px (6/7)...
2026-08-11 03-16-18 [INFO]       [Selenium - eJobs] Incremental scroll to 10500px (7/7)...
2026-08-11 03-16-20 [INFO]    [Selenium - LinkedIn] Clicked 'Load More' button.
2026-08-11 03-16-21 [INFO]    [eJobs] Loading page 17 for internet-e-commerce...
2026-08-11 03-16-22 [INFO]       [Selenium - eJobs] Incremental scroll to 1500px (1/7)...
2026-08-11 03-16-23 [INFO]       [Selenium - eJobs] Incremental scroll to 3000px (2/7)...
2026-08-11 03-16-24 [INFO]    [Selenium - LinkedIn] Clicked 'Load More' button.
2026-08-11 03-16-25 [INFO]       [Selenium - eJobs] Incremental scroll to 4500px (3/7)...
2026-08-11 03-16-26 [INFO]       [Selenium - eJobs] Incremental scroll to 6000px (4/7)...
2026-08-11 03-16-27 [INFO]       [Selenium - eJobs] Incremental scroll to 7500px (5/7)...
2026-08-11 03-16-28 [INFO]    [Selenium - LinkedIn] Clicked 'Load More' button.
2026-08-11 03-16-28 [INFO]       [Selenium - eJobs] Incremental scroll to 9000px (6/7)...
2026-08-11 03-16-29 [INFO]       [Selenium - eJobs] Incremental scroll to 10500px (7/7)...
2026-08-11 03-16-32 [INFO]    [Selenium - LinkedIn] Clicked 'Load More' button.
2026-08-11 03-16-33 [INFO]    [eJobs] Loading page 18 for internet-e-commerce...
2026-08-11 03-16-34 [INFO]       [Selenium - eJobs] Incremental scroll to 1500px (1/7)...
2026-08-11 03-16-35 [INFO]       [Selenium - eJobs] Incremental scroll to 3000px (2/7)...
2026-08-11 03-16-36 [INFO]    [Selenium - LinkedIn] Clicked 'Load More' button.
2026-08-11 03-16-37 [INFO]       [Selenium - eJobs] Incremental scroll to 4500px (3/7)...
2026-08-11 03-16-38 [INFO]       [Selenium - eJobs] Incremental scroll to 6000px (4/7)...
2026-08-11 03-16-39 [INFO]       [Selenium - eJobs] Incremental scroll to 7500px (5/7)...
2026-08-11 03-16-40 [INFO]    [Selenium - LinkedIn] Clicked 'Load More' button.
2026-08-11 03-16-40 [INFO]       [Selenium - eJobs] Incremental scroll to 9000px (6/7)...
2026-08-11 03-16-41 [INFO]       [Selenium - eJobs] Incremental scroll to 10500px (7/7)...
2026-08-11 03-16-44 [INFO]    [Selenium - LinkedIn] Clicked 'Load More' button.
2026-08-11 03-16-45 [INFO]    [eJobs] Loading page 19 for internet-e-commerce...
2026-08-11 03-16-46 [INFO]       [Selenium - eJobs] Incremental scroll to 1500px (1/7)...
2026-08-11 03-16-47 [INFO]       [Selenium - eJobs] Incremental scroll to 3000px (2/7)...
2026-08-11 03-16-48 [INFO]    [Selenium - LinkedIn] Clicked 'Load More' button.
2026-08-11 03-16-49 [INFO]       [Selenium - eJobs] Incremental scroll to 4500px (3/7)...
2026-08-11 03-16-50 [INFO]       [Selenium - eJobs] Incremental scroll to 6000px (4/7)...
2026-08-11 03-16-51 [INFO]       [Selenium - eJobs] Incremental scroll to 7500px (5/7)...
2026-08-11 03-16-52 [INFO]       [Selenium - eJobs] Incremental scroll to 9000px (6/7)...
2026-08-11 03-16-52 [INFO]    [Selenium - LinkedIn] Clicked 'Load More' button.
2026-08-11 03-16-53 [INFO]       [Selenium - eJobs] Incremental scroll to 10500px (7/7)...
2026-08-11 03-16-56 [INFO]    [Selenium - LinkedIn] Clicked 'Load More' button.
2026-08-11 03-16-57 [INFO]    [eJobs] Loading page 20 for internet-e-commerce...
2026-08-11 03-16-58 [INFO]       [Selenium - eJobs] Incremental scroll to 1500px (1/7)...
2026-08-11 03-16-59 [INFO]       [Selenium - eJobs] Incremental scroll to 3000px (2/7)...
2026-08-11 03-17-00 [INFO]    [Selenium - LinkedIn] Clicked 'Load More' button.
2026-08-11 03-17-01 [INFO]       [Selenium - eJobs] Incremental scroll to 4500px (3/7)...
2026-08-11 03-17-02 [INFO]       [Selenium - eJobs] Incremental scroll to 6000px (4/7)...
2026-08-11 03-17-03 [INFO]       [Selenium - eJobs] Incremental scroll to 7500px (5/7)...
2026-08-11 03-17-04 [INFO]       [Selenium - eJobs] Incremental scroll to 9000px (6/7)...
2026-08-11 03-17-04 [INFO]    [Selenium - LinkedIn] Clicked 'Load More' button.
2026-08-11 03-17-06 [INFO]       [Selenium - eJobs] Incremental scroll to 10500px (7/7)...
2026-08-11 03-17-08 [INFO]    [Selenium - LinkedIn] Clicked 'Load More' button.
2026-08-11 03-17-09 [INFO]    [eJobs] Loading page 21 for internet-e-commerce...
2026-08-11 03-17-10 [INFO]       [Selenium - eJobs] Incremental scroll to 1500px (1/7)...
2026-08-11 03-17-11 [INFO]       [Selenium - eJobs] Incremental scroll to 3000px (2/7)...
2026-08-11 03-17-12 [INFO]       [Selenium - eJobs] Incremental scroll to 4500px (3/7)...
2026-08-11 03-17-13 [INFO]    [Selenium - LinkedIn] Clicked 'Load More' button.
2026-08-11 03-17-14 [INFO]       [Selenium - eJobs] Incremental scroll to 6000px (4/7)...
2026-08-11 03-17-15 [INFO]       [Selenium - eJobs] Incremental scroll to 7500px (5/7)...
2026-08-11 03-17-16 [INFO]       [Selenium - eJobs] Incremental scroll to 9000px (6/7)...
2026-08-11 03-17-17 [INFO]    [Selenium - LinkedIn] Clicked 'Load More' button.
2026-08-11 03-17-17 [INFO]       [Selenium - eJobs] Incremental scroll to 10500px (7/7)...
2026-08-11 03-17-18 [INFO]    [eJobs] No jobs found on page 21. Reached end of category internet-e-commerce.
2026-08-11 03-17-18 [INFO]    [Session - eJobs] Captured 6 cookies + real UA from the browser session for category 'internet-e-commerce'.
2026-08-11 03-17-19 [INFO] 🔥 Starting async processing for 437 raw eJobs jobs in 'internet-e-commerce'...
2026-08-11 03-17-19 [INFO]    [Session Reuse] Using 6 cookies from Selenium, over a curl_cffi client impersonating Chrome at the TLS/HTTP2 level.
2026-08-11 03-17-21 [INFO]    [Selenium - LinkedIn] Clicked 'Load More' button.
2026-08-11 03-17-25 [INFO]    [Selenium - LinkedIn] Clicked 'Load More' button.
2026-08-11 03-17-29 [INFO]    [Selenium - LinkedIn] Clicked 'Load More' button.
2026-08-11 03-17-33 [INFO]    [Selenium - LinkedIn] Clicked 'Load More' button.
2026-08-11 03-17-37 [INFO]    [Selenium - LinkedIn] Clicked 'Load More' button.
2026-08-11 03-17-37 [INFO]    [Selenium - LinkedIn] End of jobs reached after 40 scrolls. Stopping.
2026-08-11 03-17-37 [INFO]    [LinkedIn] Parsing job cards for 'Backend'...
2026-08-11 03-17-37 [INFO] [Soup - LinkedIn] Found 449 raw job cards.
2026-08-11 03-17-37 [INFO] 🔥 Starting async processing for 447 raw LinkedIn jobs in 'Backend'...
2026-08-11 03-22-38 [INFO]    [Parser Engine - BestJobs] Starting analytical parsing for 1026 fetched pages...
2026-08-11 03-22-53 [INFO]    [BestJobs Filter] Queued 'it' for DB save (643 jobs).
2026-08-11 03-22-53 [INFO] 
🚀 Switching to BestJobs category: TELECOM 🚀
2026-08-11 03-22-53 [INFO]    [BestJobs] Fetching HTML content for 'telecom'...
2026-08-11 03-22-53 [INFO] [SQL Database] Done! Out of 643 filtered jobs, 643 were NEW and successfully saved.
2026-08-11 03-22-56 [INFO]    [Selenium - BestJobs] Starting progressive manual scroll and click loop...
2026-08-11 03-23-00 [INFO]    [Selenium - BestJobs] Clicked 'Load more' (1/50). Loading next batch...
2026-08-11 03-23-04 [INFO]    [Selenium - BestJobs] Clicked 'Load more' (2/50). Loading next batch...
2026-08-11 03-23-09 [INFO]    [Selenium - BestJobs] Clicked 'Load more' (3/50). Loading next batch...
2026-08-11 03-23-13 [INFO]    [Selenium - BestJobs] Clicked 'Load more' (4/50). Loading next batch...
2026-08-11 03-23-18 [INFO]    [Selenium - BestJobs] Clicked 'Load more' (5/50). Loading next batch...
2026-08-11 03-23-22 [INFO]    [Selenium - BestJobs] Clicked 'Load more' (6/50). Loading next batch...
2026-08-11 03-23-27 [INFO]    [Selenium - BestJobs] Clicked 'Load more' (7/50). Loading next batch...
2026-08-11 03-23-33 [INFO]    [Selenium - BestJobs] Clicked 'Load more' (8/50). Loading next batch...
2026-08-11 03-23-38 [INFO]    [Selenium - BestJobs] Clicked 'Load more' (9/50). Loading next batch...
2026-08-11 03-23-43 [INFO]    [Selenium - BestJobs] Clicked 'Load more' (10/50). Loading next batch...
2026-08-11 03-23-49 [INFO]    [Selenium - BestJobs] Clicked 'Load more' (11/50). Loading next batch...
2026-08-11 03-23-54 [INFO]    [Selenium - BestJobs] Clicked 'Load more' (12/50). Loading next batch...
2026-08-11 03-23-59 [INFO]    [Selenium - BestJobs] Clicked 'Load more' (13/50). Loading next batch...
2026-08-11 03-24-05 [INFO]    [Selenium - BestJobs] Clicked 'Load more' (14/50). Loading next batch...
2026-08-11 03-24-10 [INFO]    [Selenium - BestJobs] Clicked 'Load more' (15/50). Loading next batch...
2026-08-11 03-24-15 [INFO]    [Selenium - BestJobs] Clicked 'Load more' (16/50). Loading next batch...
2026-08-11 03-24-21 [INFO]    [Selenium - BestJobs] Clicked 'Load more' (17/50). Loading next batch...
2026-08-11 03-24-26 [INFO]    [Selenium - BestJobs] Clicked 'Load more' (18/50). Loading next batch...
2026-08-11 03-24-31 [INFO]    [Selenium - BestJobs] Clicked 'Load more' (19/50). Loading next batch...
2026-08-11 03-24-36 [INFO]    [Selenium - BestJobs] Clicked 'Load more' (20/50). Loading next batch...
2026-08-11 03-24-42 [INFO]    [Selenium - BestJobs] Clicked 'Load more' (21/50). Loading next batch...
2026-08-11 03-24-47 [INFO]    [Selenium - BestJobs] Clicked 'Load more' (22/50). Loading next batch...
2026-08-11 03-24-53 [INFO]    [Selenium - BestJobs] Clicked 'Load more' (23/50). Loading next batch...
2026-08-11 03-24-58 [INFO]    [Selenium - BestJobs] Clicked 'Load more' (24/50). Loading next batch...
2026-08-11 03-25-03 [INFO]    [Selenium - BestJobs] Clicked 'Load more' (25/50). Loading next batch...
2026-08-11 03-25-09 [INFO]    [Selenium - BestJobs] Clicked 'Load more' (26/50). Loading next batch...
2026-08-11 03-25-14 [INFO]    [Selenium - BestJobs] Clicked 'Load more' (27/50). Loading next batch...
2026-08-11 03-25-19 [INFO]    [Selenium - BestJobs] Clicked 'Load more' (28/50). Loading next batch...
2026-08-11 03-25-25 [INFO]    [Selenium - BestJobs] Clicked 'Load more' (29/50). Loading next batch...
2026-08-11 03-25-30 [INFO]    [Selenium - BestJobs] Clicked 'Load more' (30/50). Loading next batch...
2026-08-11 03-25-35 [INFO]    [Selenium - BestJobs] Clicked 'Load more' (31/50). Loading next batch...
2026-08-11 03-25-41 [INFO]    [Selenium - BestJobs] Clicked 'Load more' (32/50). Loading next batch...
2026-08-11 03-25-46 [INFO]    [Selenium - BestJobs] Clicked 'Load more' (33/50). Loading next batch...
2026-08-11 03-25-51 [INFO]    [Selenium - BestJobs] Clicked 'Load more' (34/50). Loading next batch...
2026-08-11 03-25-57 [INFO]    [Selenium - BestJobs] Clicked 'Load more' (35/50). Loading next batch...
2026-08-11 03-26-02 [INFO]    [Selenium - BestJobs] Clicked 'Load more' (36/50). Loading next batch...
2026-08-11 03-26-07 [INFO]    [Selenium - BestJobs] Clicked 'Load more' (37/50). Loading next batch...
2026-08-11 03-26-13 [INFO]    [Selenium - BestJobs] Clicked 'Load more' (38/50). Loading next batch...
2026-08-11 03-26-18 [INFO]    [Selenium - BestJobs] Clicked 'Load more' (39/50). Loading next batch...
2026-08-11 03-26-23 [INFO]    [Selenium - BestJobs] Clicked 'Load more' (40/50). Loading next batch...
2026-08-11 03-26-29 [INFO]    [Selenium - BestJobs] Clicked 'Load more' (41/50). Loading next batch...
2026-08-11 03-26-34 [INFO]    [Selenium - BestJobs] Clicked 'Load more' (42/50). Loading next batch...
2026-08-11 03-26-39 [INFO]    [Selenium - BestJobs] Clicked 'Load more' (43/50). Loading next batch...
2026-08-11 03-26-45 [INFO]    [Selenium - BestJobs] Clicked 'Load more' (44/50). Loading next batch...
2026-08-11 03-26-50 [INFO]    [Selenium - BestJobs] Clicked 'Load more' (45/50). Loading next batch...
2026-08-11 03-26-56 [INFO]    [Selenium - BestJobs] Clicked 'Load more' (46/50). Loading next batch...
2026-08-11 03-27-01 [INFO]    [Selenium - BestJobs] Clicked 'Load more' (47/50). Loading next batch...
2026-08-11 03-27-06 [INFO]    [Selenium - BestJobs] Clicked 'Load more' (48/50). Loading next batch...
2026-08-11 03-27-11 [INFO]    [Selenium - BestJobs] Clicked 'Load more' (49/50). Loading next batch...
2026-08-11 03-27-17 [INFO]    [Selenium - BestJobs] Clicked 'Load more' (50/50). Loading next batch...
2026-08-11 03-27-18 [INFO] 
[Soup - BestJobs] Total jobs loaded after deep scroll: 309 !
2026-08-11 03-27-19 [INFO] 🔥 Starting async processing for 244 raw BestJobs jobs in 'telecom'...
2026-08-11 03-30-05 [INFO]    [Parser Engine - BestJobs] Starting analytical parsing for 244 fetched pages...
2026-08-11 03-30-08 [INFO]    [BestJobs Filter] Queued 'telecom' for DB save (95 jobs).
2026-08-11 03-30-08 [INFO] 
🚀 Switching to BestJobs category: ENGINEERING 🚀
2026-08-11 03-30-08 [INFO]    [BestJobs] Fetching HTML content for 'engineering'...
2026-08-11 03-30-08 [INFO] [SQL Database] Done! Out of 95 filtered jobs, 95 were NEW and successfully saved.
2026-08-11 03-30-12 [INFO]    [Selenium - BestJobs] Starting progressive manual scroll and click loop...
2026-08-11 03-30-15 [INFO]    [Selenium - BestJobs] Clicked 'Load more' (1/50). Loading next batch...
2026-08-11 03-30-19 [INFO]    [Selenium - BestJobs] Clicked 'Load more' (2/50). Loading next batch...
2026-08-11 03-30-24 [INFO]    [Selenium - BestJobs] Clicked 'Load more' (3/50). Loading next batch...
2026-08-11 03-30-28 [INFO]    [Selenium - BestJobs] Clicked 'Load more' (4/50). Loading next batch...
2026-08-11 03-30-33 [INFO]    [Parser Engine - LinkedIn] Analyzing descriptions for fetched pages...
2026-08-11 03-30-33 [INFO]    [Selenium - BestJobs] Clicked 'Load more' (5/50). Loading next batch...
2026-08-11 03-30-38 [INFO]    [Selenium - BestJobs] Clicked 'Load more' (6/50). Loading next batch...
2026-08-11 03-30-44 [INFO]    [Selenium - BestJobs] Clicked 'Load more' (7/50). Loading next batch...
2026-08-11 03-30-50 [INFO]    [Selenium - BestJobs] Clicked 'Load more' (8/50). Loading next batch...
2026-08-11 03-30-56 [INFO]    [Selenium - BestJobs] Clicked 'Load more' (9/50). Loading next batch...
2026-08-11 03-31-02 [INFO]    [LinkedIn Filter] Queued 'Backend' for DB save (443 jobs).
2026-08-11 03-31-02 [INFO]    [Selenium - BestJobs] Clicked 'Load more' (10/50). Loading next batch...
2026-08-11 03-31-03 [INFO]    [Cooldown - LinkedIn] Pausing 10s before next LinkedIn category...
2026-08-11 03-31-03 [INFO] [SQL Database] Done! Out of 443 filtered jobs, 443 were NEW and successfully saved.
2026-08-11 03-31-08 [INFO]    [Selenium - BestJobs] Clicked 'Load more' (11/50). Loading next batch...
2026-08-11 03-31-13 [INFO] 
🚀 Switching to LinkedIn category: FRONTEND 🚀
2026-08-11 03-31-13 [INFO]    [LinkedIn] Fetching HTML content for 'Frontend'...
2026-08-11 03-31-15 [INFO]    [Selenium - BestJobs] Clicked 'Load more' (12/50). Loading next batch...
2026-08-11 03-31-16 [INFO]    [Selenium - LinkedIn] Starting scroll down loop to load jobs...
2026-08-11 03-31-23 [INFO]    [Selenium - BestJobs] Clicked 'Load more' (13/50). Loading next batch...
2026-08-11 03-31-30 [INFO]    [Selenium - BestJobs] Clicked 'Load more' (14/50). Loading next batch...
2026-08-11 03-31-33 [INFO]    [Selenium - LinkedIn] Clicked 'Load More' button.
2026-08-11 03-31-37 [INFO]    [Selenium - LinkedIn] Clicked 'Load More' button.
2026-08-11 03-31-37 [INFO]    [Selenium - BestJobs] Clicked 'Load more' (15/50). Loading next batch...
2026-08-11 03-31-41 [INFO]    [Selenium - LinkedIn] Clicked 'Load More' button.
2026-08-11 03-31-45 [INFO]    [Selenium - LinkedIn] Clicked 'Load More' button.
2026-08-11 03-31-45 [INFO]    [Selenium - BestJobs] Clicked 'Load more' (16/50). Loading next batch...
2026-08-11 03-31-49 [INFO]    [Selenium - LinkedIn] Clicked 'Load More' button.
2026-08-11 03-31-53 [INFO]    [Selenium - LinkedIn] Clicked 'Load More' button.
2026-08-11 03-31-54 [INFO]    [Selenium - BestJobs] Clicked 'Load more' (17/50). Loading next batch...
2026-08-11 03-31-57 [INFO]    [Selenium - LinkedIn] Clicked 'Load More' button.
2026-08-11 03-32-01 [INFO]    [Selenium - LinkedIn] Clicked 'Load More' button.
2026-08-11 03-32-02 [INFO]    [Selenium - BestJobs] Clicked 'Load more' (18/50). Loading next batch...
2026-08-11 03-32-05 [INFO]    [Selenium - LinkedIn] Clicked 'Load More' button.
2026-08-11 03-32-09 [INFO]    [Selenium - LinkedIn] Clicked 'Load More' button.
2026-08-11 03-32-11 [INFO]    [Selenium - BestJobs] Clicked 'Load more' (19/50). Loading next batch...
2026-08-11 03-32-13 [INFO]    [Selenium - LinkedIn] Clicked 'Load More' button.
2026-08-11 03-32-17 [INFO]    [Selenium - LinkedIn] Clicked 'Load More' button.
2026-08-11 03-32-19 [INFO]    [Selenium - LinkedIn] End of jobs reached after 19 scrolls. Stopping.
2026-08-11 03-32-19 [INFO]    [LinkedIn] Parsing job cards for 'Frontend'...
2026-08-11 03-32-20 [INFO] [Soup - LinkedIn] Found 239 raw job cards.
2026-08-11 03-32-20 [INFO] 🔥 Starting async processing for 239 raw LinkedIn jobs in 'Frontend'...
2026-08-11 03-32-20 [INFO]    [Selenium - BestJobs] Clicked 'Load more' (20/50). Loading next batch...
2026-08-11 03-32-30 [INFO]    [Selenium - BestJobs] Clicked 'Load more' (21/50). Loading next batch...
2026-08-11 03-32-41 [INFO]    [Selenium - BestJobs] Clicked 'Load more' (22/50). Loading next batch...
2026-08-11 03-32-50 [INFO]    [Selenium - BestJobs] Clicked 'Load more' (23/50). Loading next batch...
2026-08-11 03-33-01 [INFO]    [Selenium - BestJobs] Clicked 'Load more' (24/50). Loading next batch...
2026-08-11 03-33-12 [INFO]    [Selenium - BestJobs] Clicked 'Load more' (25/50). Loading next batch...
2026-08-11 03-33-23 [INFO]    [Selenium - BestJobs] Clicked 'Load more' (26/50). Loading next batch...
2026-08-11 03-33-35 [INFO]    [Selenium - BestJobs] Clicked 'Load more' (27/50). Loading next batch...
2026-08-11 03-33-48 [INFO]    [Selenium - BestJobs] Clicked 'Load more' (28/50). Loading next batch...
2026-08-11 03-34-00 [INFO]    [Selenium - BestJobs] Clicked 'Load more' (29/50). Loading next batch...
2026-08-11 03-34-13 [INFO]    [Selenium - BestJobs] Clicked 'Load more' (30/50). Loading next batch...
2026-08-11 03-34-27 [INFO]    [Selenium - BestJobs] Clicked 'Load more' (31/50). Loading next batch...
2026-08-11 03-34-40 [INFO]    [Selenium - BestJobs] Clicked 'Load more' (32/50). Loading next batch...
2026-08-11 03-34-54 [INFO]    [Selenium - BestJobs] Clicked 'Load more' (33/50). Loading next batch...
2026-08-11 03-35-09 [INFO]    [Selenium - BestJobs] Clicked 'Load more' (34/50). Loading next batch...
2026-08-11 03-35-24 [INFO]    [Selenium - BestJobs] Clicked 'Load more' (35/50). Loading next batch...
2026-08-11 03-35-40 [INFO]    [Selenium - BestJobs] Clicked 'Load more' (36/50). Loading next batch...
2026-08-11 03-35-56 [INFO]    [Selenium - BestJobs] Clicked 'Load more' (37/50). Loading next batch...
2026-08-11 03-36-11 [INFO]    [Selenium - BestJobs] Clicked 'Load more' (38/50). Loading next batch...
2026-08-11 03-36-27 [INFO]    [Selenium - BestJobs] Clicked 'Load more' (39/50). Loading next batch...
2026-08-11 03-36-45 [INFO]    [Selenium - BestJobs] Clicked 'Load more' (40/50). Loading next batch...
2026-08-11 03-37-01 [INFO]    [Selenium - BestJobs] Clicked 'Load more' (41/50). Loading next batch...
2026-08-11 03-37-17 [INFO]    [Selenium - BestJobs] Clicked 'Load more' (42/50). Loading next batch...
2026-08-11 03-37-35 [INFO]    [Selenium - BestJobs] Clicked 'Load more' (43/50). Loading next batch...
2026-08-11 03-37-53 [INFO]    [Selenium - BestJobs] Clicked 'Load more' (44/50). Loading next batch...
2026-08-11 03-38-12 [INFO]    [Selenium - BestJobs] Clicked 'Load more' (45/50). Loading next batch...
2026-08-11 03-38-32 [INFO]    [Selenium - BestJobs] Clicked 'Load more' (46/50). Loading next batch...
2026-08-11 03-38-34 [INFO]    [Parser Engine - eJobs] Starting analytical parsing for 437 fetched pages...
2026-08-11 03-38-45 [INFO]    [Fetch Summary] raw=437 | saved=22 | never_fetched=0
2026-08-11 03-38-45 [INFO] [eJobs Category Summary] 'internet-e-commerce': raw=437 saved=22 lost=415
2026-08-11 03-38-45 [INFO]    [eJobs Filter] Queued 'internet-e-commerce' for DB save (22 jobs).
2026-08-11 03-38-45 [INFO]    [Cooldown - eJobs] Pausing 8s before next eJobs category...
2026-08-11 03-38-45 [INFO] [SQL Database] Done! Out of 22 filtered jobs, 22 were NEW and successfully saved.
2026-08-11 03-38-50 [INFO] 
🚀 Switching to eJobs category: IT-HARDWARE 🚀
2026-08-11 03-38-50 [INFO]    [eJobs] Loading page 1 for it-hardware...
2026-08-11 03-38-52 [INFO]    [Selenium - BestJobs] Clicked 'Load more' (47/50). Loading next batch...
2026-08-11 03-38-52 [INFO]       [Selenium - eJobs] Incremental scroll to 1500px (1/7)...
2026-08-11 03-38-53 [INFO]       [Selenium - eJobs] Incremental scroll to 3000px (2/7)...
2026-08-11 03-38-55 [INFO]       [Selenium - eJobs] Incremental scroll to 4500px (3/7)...
2026-08-11 03-38-56 [INFO]       [Selenium - eJobs] Incremental scroll to 6000px (4/7)...
2026-08-11 03-38-57 [INFO]       [Selenium - eJobs] Incremental scroll to 7500px (5/7)...
2026-08-11 03-38-58 [INFO]       [Selenium - eJobs] Incremental scroll to 9000px (6/7)...
2026-08-11 03-38-59 [INFO]       [Selenium - eJobs] Incremental scroll to 10500px (7/7)...
2026-08-11 03-39-03 [INFO]    [eJobs] Loading page 2 for it-hardware...
2026-08-11 03-39-05 [INFO]       [Selenium - eJobs] Incremental scroll to 1500px (1/7)...
2026-08-11 03-39-06 [INFO]       [Selenium - eJobs] Incremental scroll to 3000px (2/7)...
2026-08-11 03-39-07 [INFO]       [Selenium - eJobs] Incremental scroll to 4500px (3/7)...
2026-08-11 03-39-08 [INFO]       [Selenium - eJobs] Incremental scroll to 6000px (4/7)...
2026-08-11 03-39-09 [INFO]       [Selenium - eJobs] Incremental scroll to 7500px (5/7)...
2026-08-11 03-39-11 [INFO]       [Selenium - eJobs] Incremental scroll to 9000px (6/7)...
2026-08-11 03-39-12 [INFO]       [Selenium - eJobs] Incremental scroll to 10500px (7/7)...
2026-08-11 03-39-12 [INFO]    [Selenium - BestJobs] Clicked 'Load more' (48/50). Loading next batch...
2026-08-11 03-39-15 [INFO]    [eJobs] Loading page 3 for it-hardware...
2026-08-11 03-39-17 [INFO]       [Selenium - eJobs] Incremental scroll to 1500px (1/7)...
2026-08-11 03-39-18 [INFO]       [Selenium - eJobs] Incremental scroll to 3000px (2/7)...
2026-08-11 03-39-19 [INFO]       [Selenium - eJobs] Incremental scroll to 4500px (3/7)...
2026-08-11 03-39-20 [INFO]       [Selenium - eJobs] Incremental scroll to 6000px (4/7)...
2026-08-11 03-39-21 [INFO]    [Parser Engine - LinkedIn] Analyzing descriptions for fetched pages...
2026-08-11 03-39-22 [INFO]       [Selenium - eJobs] Incremental scroll to 7500px (5/7)...
2026-08-11 03-39-23 [INFO]       [Selenium - eJobs] Incremental scroll to 9000px (6/7)...
2026-08-11 03-39-24 [INFO]       [Selenium - eJobs] Incremental scroll to 10500px (7/7)...
2026-08-11 03-39-34 [INFO]    [Selenium - BestJobs] Clicked 'Load more' (49/50). Loading next batch...
2026-08-11 03-39-36 [INFO]    [LinkedIn Filter] Queued 'Frontend' for DB save (228 jobs).
2026-08-11 03-39-37 [INFO]    [Cooldown - LinkedIn] Pausing 10s before next LinkedIn category...
2026-08-11 03-39-37 [INFO] [SQL Database] Done! Out of 228 filtered jobs, 228 were NEW and successfully saved.
2026-08-11 03-39-39 [INFO]    [eJobs] Loading page 4 for it-hardware...
2026-08-11 03-39-40 [INFO]       [Selenium - eJobs] Incremental scroll to 1500px (1/7)...
2026-08-11 03-39-42 [INFO]       [Selenium - eJobs] Incremental scroll to 3000px (2/7)...
2026-08-11 03-39-43 [INFO]       [Selenium - eJobs] Incremental scroll to 4500px (3/7)...
2026-08-11 03-39-44 [INFO]       [Selenium - eJobs] Incremental scroll to 6000px (4/7)...
2026-08-11 03-39-45 [INFO]       [Selenium - eJobs] Incremental scroll to 7500px (5/7)...
2026-08-11 03-39-46 [INFO]       [Selenium - eJobs] Incremental scroll to 9000px (6/7)...
2026-08-11 03-39-47 [INFO] 
🚀 Switching to LinkedIn category: FULL STACK 🚀
2026-08-11 03-39-47 [INFO]    [LinkedIn] Fetching HTML content for 'Full Stack'...
2026-08-11 03-39-48 [INFO]       [Selenium - eJobs] Incremental scroll to 10500px (7/7)...
2026-08-11 03-39-50 [INFO]    [Selenium - LinkedIn] Starting scroll down loop to load jobs...
2026-08-11 03-39-51 [INFO]    [eJobs] Loading page 5 for it-hardware...
2026-08-11 03-39-54 [INFO]       [Selenium - eJobs] Incremental scroll to 1500px (1/7)...
2026-08-11 03-39-55 [INFO]    [Selenium - BestJobs] Clicked 'Load more' (50/50). Loading next batch...
2026-08-11 03-39-55 [INFO]       [Selenium - eJobs] Incremental scroll to 3000px (2/7)...
2026-08-11 03-39-56 [INFO]       [Selenium - eJobs] Incremental scroll to 4500px (3/7)...
2026-08-11 03-39-57 [INFO]       [Selenium - eJobs] Incremental scroll to 6000px (4/7)...
2026-08-11 03-39-59 [INFO]       [Selenium - eJobs] Incremental scroll to 7500px (5/7)...
2026-08-11 03-40-00 [INFO]       [Selenium - eJobs] Incremental scroll to 9000px (6/7)...
2026-08-11 03-40-01 [INFO]       [Selenium - eJobs] Incremental scroll to 10500px (7/7)...
2026-08-11 03-40-02 [INFO] 
[Soup - BestJobs] Total jobs loaded after deep scroll: 1248 !
2026-08-11 03-40-04 [INFO] 🔥 Starting async processing for 1094 raw BestJobs jobs in 'engineering'...
2026-08-11 03-40-06 [INFO]    [Selenium - LinkedIn] Clicked 'Load More' button.
2026-08-11 03-40-06 [INFO]    [eJobs] Loading page 6 for it-hardware...
2026-08-11 03-40-07 [INFO]       [Selenium - eJobs] Incremental scroll to 1500px (1/7)...
2026-08-11 03-40-08 [INFO]       [Selenium - eJobs] Incremental scroll to 3000px (2/7)...
2026-08-11 03-40-09 [INFO]       [Selenium - eJobs] Incremental scroll to 4500px (3/7)...
2026-08-11 03-40-10 [INFO]    [Selenium - LinkedIn] Clicked 'Load More' button.
2026-08-11 03-40-10 [INFO]       [Selenium - eJobs] Incremental scroll to 6000px (4/7)...
2026-08-11 03-40-12 [INFO]       [Selenium - eJobs] Incremental scroll to 7500px (5/7)...
2026-08-11 03-40-13 [INFO]       [Selenium - eJobs] Incremental scroll to 9000px (6/7)...
2026-08-11 03-40-14 [INFO]    [Selenium - LinkedIn] Clicked 'Load More' button.
2026-08-11 03-40-14 [INFO]       [Selenium - eJobs] Incremental scroll to 10500px (7/7)...
2026-08-11 03-40-15 [INFO]    [eJobs] No jobs found on page 6. Reached end of category it-hardware.
2026-08-11 03-40-15 [INFO]    [Session - eJobs] Captured 6 cookies + real UA from the browser session for category 'it-hardware'.
2026-08-11 03-40-15 [INFO] 🔥 Starting async processing for 128 raw eJobs jobs in 'it-hardware'...
2026-08-11 03-40-15 [INFO]    [Session Reuse] Using 6 cookies from Selenium, over a curl_cffi client impersonating Chrome at the TLS/HTTP2 level.
2026-08-11 03-40-18 [INFO]    [Selenium - LinkedIn] Clicked 'Load More' button.
2026-08-11 03-40-22 [INFO]    [Selenium - LinkedIn] Clicked 'Load More' button.
2026-08-11 03-40-26 [INFO]    [Selenium - LinkedIn] Clicked 'Load More' button.
2026-08-11 03-40-30 [INFO]    [Selenium - LinkedIn] Clicked 'Load More' button.
2026-08-11 03-40-34 [INFO]    [Selenium - LinkedIn] Clicked 'Load More' button.
2026-08-11 03-40-38 [INFO]    [Selenium - LinkedIn] Clicked 'Load More' button.
2026-08-11 03-40-42 [INFO]    [Selenium - LinkedIn] Clicked 'Load More' button.
2026-08-11 03-40-46 [INFO]    [Selenium - LinkedIn] Clicked 'Load More' button.
2026-08-11 03-40-50 [INFO]    [Selenium - LinkedIn] Clicked 'Load More' button.
2026-08-11 03-40-55 [INFO]    [Selenium - LinkedIn] Clicked 'Load More' button.
2026-08-11 03-40-59 [INFO]    [Selenium - LinkedIn] Clicked 'Load More' button.
2026-08-11 03-41-03 [INFO]    [Selenium - LinkedIn] Clicked 'Load More' button.
2026-08-11 03-41-05 [INFO]    [Selenium - LinkedIn] End of jobs reached after 22 scrolls. Stopping.
2026-08-11 03-41-05 [INFO]    [LinkedIn] Parsing job cards for 'Full Stack'...
2026-08-11 03-41-05 [INFO] [Soup - LinkedIn] Found 263 raw job cards.
2026-08-11 03-41-05 [INFO] 🔥 Starting async processing for 263 raw LinkedIn jobs in 'Full Stack'...
2026-08-11 03-46-18 [INFO]    [Parser Engine - eJobs] Starting analytical parsing for 128 fetched pages...
2026-08-11 03-46-22 [INFO]    [Fetch Summary] raw=128 | saved=40 | never_fetched=0
2026-08-11 03-46-22 [INFO] [eJobs Category Summary] 'it-hardware': raw=128 saved=40 lost=88
2026-08-11 03-46-22 [INFO]    [eJobs Filter] Queued 'it-hardware' for DB save (40 jobs).
2026-08-11 03-46-22 [INFO]    [Cooldown - eJobs] Pausing 8s before next eJobs category...
2026-08-11 03-46-22 [INFO] [SQL Database] Done! Out of 40 filtered jobs, 40 were NEW and successfully saved.
2026-08-11 03-46-27 [INFO] 
🚀 Switching to eJobs category: TELECOMUNICATII 🚀
2026-08-11 03-46-27 [INFO]    [eJobs] Loading page 1 for telecomunicatii...
2026-08-11 03-46-29 [INFO]       [Selenium - eJobs] Incremental scroll to 1500px (1/7)...
2026-08-11 03-46-30 [INFO]       [Selenium - eJobs] Incremental scroll to 3000px (2/7)...
2026-08-11 03-46-31 [INFO]       [Selenium - eJobs] Incremental scroll to 4500px (3/7)...
2026-08-11 03-46-32 [INFO]       [Selenium - eJobs] Incremental scroll to 6000px (4/7)...
2026-08-11 03-46-34 [INFO]       [Selenium - eJobs] Incremental scroll to 7500px (5/7)...
2026-08-11 03-46-35 [INFO]       [Selenium - eJobs] Incremental scroll to 9000px (6/7)...
2026-08-11 03-46-36 [INFO]       [Selenium - eJobs] Incremental scroll to 10500px (7/7)...
2026-08-11 03-46-39 [INFO]    [eJobs] Loading page 2 for telecomunicatii...
2026-08-11 03-46-41 [INFO]       [Selenium - eJobs] Incremental scroll to 1500px (1/7)...
2026-08-11 03-46-42 [INFO]       [Selenium - eJobs] Incremental scroll to 3000px (2/7)...
2026-08-11 03-46-43 [INFO]       [Selenium - eJobs] Incremental scroll to 4500px (3/7)...
2026-08-11 03-46-44 [INFO]       [Selenium - eJobs] Incremental scroll to 6000px (4/7)...
2026-08-11 03-46-46 [INFO]       [Selenium - eJobs] Incremental scroll to 7500px (5/7)...
2026-08-11 03-46-47 [INFO]       [Selenium - eJobs] Incremental scroll to 9000px (6/7)...
2026-08-11 03-46-48 [INFO]       [Selenium - eJobs] Incremental scroll to 10500px (7/7)...
2026-08-11 03-46-51 [INFO]    [eJobs] Loading page 3 for telecomunicatii...
2026-08-11 03-46-53 [INFO]       [Selenium - eJobs] Incremental scroll to 1500px (1/7)...
2026-08-11 03-46-54 [INFO]       [Selenium - eJobs] Incremental scroll to 3000px (2/7)...
2026-08-11 03-46-55 [INFO]       [Selenium - eJobs] Incremental scroll to 4500px (3/7)...
2026-08-11 03-46-56 [INFO]       [Selenium - eJobs] Incremental scroll to 6000px (4/7)...
2026-08-11 03-46-57 [INFO]       [Selenium - eJobs] Incremental scroll to 7500px (5/7)...
2026-08-11 03-46-59 [INFO]       [Selenium - eJobs] Incremental scroll to 9000px (6/7)...
2026-08-11 03-47-00 [INFO]       [Selenium - eJobs] Incremental scroll to 10500px (7/7)...
2026-08-11 03-47-03 [INFO]    [eJobs] Loading page 4 for telecomunicatii...
2026-08-11 03-47-04 [INFO]       [Selenium - eJobs] Incremental scroll to 1500px (1/7)...
2026-08-11 03-47-06 [INFO]       [Selenium - eJobs] Incremental scroll to 3000px (2/7)...
2026-08-11 03-47-07 [INFO]       [Selenium - eJobs] Incremental scroll to 4500px (3/7)...
2026-08-11 03-47-08 [INFO]       [Selenium - eJobs] Incremental scroll to 6000px (4/7)...
2026-08-11 03-47-09 [INFO]       [Selenium - eJobs] Incremental scroll to 7500px (5/7)...
2026-08-11 03-47-11 [INFO]       [Selenium - eJobs] Incremental scroll to 9000px (6/7)...
2026-08-11 03-47-12 [INFO]       [Selenium - eJobs] Incremental scroll to 10500px (7/7)...
2026-08-11 03-47-15 [INFO]    [eJobs] Loading page 5 for telecomunicatii...
2026-08-11 03-47-17 [INFO]       [Selenium - eJobs] Incremental scroll to 1500px (1/7)...
2026-08-11 03-47-18 [INFO]       [Selenium - eJobs] Incremental scroll to 3000px (2/7)...
2026-08-11 03-47-20 [INFO]       [Selenium - eJobs] Incremental scroll to 4500px (3/7)...
2026-08-11 03-47-21 [INFO]       [Selenium - eJobs] Incremental scroll to 6000px (4/7)...
2026-08-11 03-47-22 [INFO]       [Selenium - eJobs] Incremental scroll to 7500px (5/7)...
2026-08-11 03-47-23 [INFO]       [Selenium - eJobs] Incremental scroll to 9000px (6/7)...
2026-08-11 03-47-24 [INFO]       [Selenium - eJobs] Incremental scroll to 10500px (7/7)...
2026-08-11 03-47-28 [INFO]    [eJobs] Loading page 6 for telecomunicatii...
2026-08-11 03-47-29 [INFO]       [Selenium - eJobs] Incremental scroll to 1500px (1/7)...
2026-08-11 03-47-30 [INFO]       [Selenium - eJobs] Incremental scroll to 3000px (2/7)...
2026-08-11 03-47-31 [INFO]       [Selenium - eJobs] Incremental scroll to 4500px (3/7)...
2026-08-11 03-47-33 [INFO]       [Selenium - eJobs] Incremental scroll to 6000px (4/7)...
2026-08-11 03-47-34 [INFO]       [Selenium - eJobs] Incremental scroll to 7500px (5/7)...
2026-08-11 03-47-35 [INFO]       [Selenium - eJobs] Incremental scroll to 9000px (6/7)...
2026-08-11 03-47-36 [INFO]       [Selenium - eJobs] Incremental scroll to 10500px (7/7)...
2026-08-11 03-47-37 [INFO]    [eJobs] No jobs found on page 6. Reached end of category telecomunicatii.
2026-08-11 03-47-37 [INFO]    [Session - eJobs] Captured 6 cookies + real UA from the browser session for category 'telecomunicatii'.
2026-08-11 03-47-37 [INFO] 🔥 Starting async processing for 74 raw eJobs jobs in 'telecomunicatii'...
2026-08-11 03-47-37 [INFO]    [Session Reuse] Using 6 cookies from Selenium, over a curl_cffi client impersonating Chrome at the TLS/HTTP2 level.
2026-08-11 03-48-27 [INFO]    [Parser Engine - LinkedIn] Analyzing descriptions for fetched pages...
2026-08-11 03-48-42 [INFO]    [LinkedIn Filter] Queued 'Full Stack' for DB save (257 jobs).
2026-08-11 03-48-42 [INFO]    [Cooldown - LinkedIn] Pausing 10s before next LinkedIn category...
2026-08-11 03-48-42 [INFO] [SQL Database] Done! Out of 257 filtered jobs, 257 were NEW and successfully saved.
2026-08-11 03-48-52 [INFO] 
🚀 Switching to LinkedIn category: DEVOPS 🚀
2026-08-11 03-48-52 [INFO]    [LinkedIn] Fetching HTML content for 'DevOps'...
2026-08-11 03-48-54 [INFO]    [Selenium - LinkedIn] Starting scroll down loop to load jobs...
2026-08-11 03-49-11 [INFO]    [Selenium - LinkedIn] Clicked 'Load More' button.
2026-08-11 03-49-15 [INFO]    [Selenium - LinkedIn] Clicked 'Load More' button.
2026-08-11 03-49-19 [INFO]    [Selenium - LinkedIn] Clicked 'Load More' button.
2026-08-11 03-49-23 [INFO]    [Selenium - LinkedIn] Clicked 'Load More' button.
2026-08-11 03-49-27 [INFO]    [Selenium - LinkedIn] Clicked 'Load More' button.
2026-08-11 03-49-31 [INFO]    [Selenium - LinkedIn] Clicked 'Load More' button.
2026-08-11 03-49-35 [INFO]    [Selenium - LinkedIn] Clicked 'Load More' button.
2026-08-11 03-49-39 [INFO]    [Selenium - LinkedIn] Clicked 'Load More' button.
2026-08-11 03-49-43 [INFO]    [Selenium - LinkedIn] Clicked 'Load More' button.
2026-08-11 03-49-47 [INFO]    [Selenium - LinkedIn] Clicked 'Load More' button.
2026-08-11 03-49-51 [INFO]    [Selenium - LinkedIn] Clicked 'Load More' button.
2026-08-11 03-49-55 [INFO]    [Selenium - LinkedIn] Clicked 'Load More' button.
2026-08-11 03-49-59 [INFO]    [Selenium - LinkedIn] Clicked 'Load More' button.
2026-08-11 03-50-03 [INFO]    [Selenium - LinkedIn] Clicked 'Load More' button.
2026-08-11 03-50-07 [INFO]    [Selenium - LinkedIn] Clicked 'Load More' button.
2026-08-11 03-50-11 [INFO]    [Selenium - LinkedIn] Clicked 'Load More' button.
2026-08-11 03-50-15 [INFO]    [Selenium - LinkedIn] Clicked 'Load More' button.
2026-08-11 03-50-19 [INFO]    [Selenium - LinkedIn] Clicked 'Load More' button.
2026-08-11 03-50-24 [INFO]    [Selenium - LinkedIn] Clicked 'Load More' button.
2026-08-11 03-50-28 [INFO]    [Selenium - LinkedIn] Clicked 'Load More' button.
2026-08-11 03-50-30 [INFO]    [Selenium - LinkedIn] End of jobs reached after 27 scrolls. Stopping.
2026-08-11 03-50-30 [INFO]    [LinkedIn] Parsing job cards for 'DevOps'...
2026-08-11 03-50-30 [INFO] [Soup - LinkedIn] Found 315 raw job cards.
2026-08-11 03-50-30 [INFO] 🔥 Starting async processing for 315 raw LinkedIn jobs in 'DevOps'...
2026-08-11 03-51-28 [INFO]    [Parser Engine - eJobs] Starting analytical parsing for 74 fetched pages...
2026-08-11 03-51-29 [INFO]    [Fetch Summary] raw=74 | saved=9 | never_fetched=0
2026-08-11 03-51-29 [INFO] [eJobs Category Summary] 'telecomunicatii': raw=74 saved=9 lost=65
2026-08-11 03-51-29 [INFO]    [eJobs Filter] Queued 'telecomunicatii' for DB save (9 jobs).
2026-08-11 03-51-29 [INFO]    [Cooldown - eJobs] Pausing 8s before next eJobs category...
2026-08-11 03-51-29 [INFO] [SQL Database] Done! Out of 9 filtered jobs, 9 were NEW and successfully saved.
2026-08-11 03-51-34 [INFO] 
🚀 Switching to eJobs category: INGINERIE 🚀
2026-08-11 03-51-35 [INFO]    [eJobs] Loading page 1 for inginerie...
2026-08-11 03-51-36 [INFO]       [Selenium - eJobs] Incremental scroll to 1500px (1/7)...
2026-08-11 03-51-38 [INFO]       [Selenium - eJobs] Incremental scroll to 3000px (2/7)...
2026-08-11 03-51-39 [INFO]       [Selenium - eJobs] Incremental scroll to 4500px (3/7)...
2026-08-11 03-51-40 [INFO]       [Selenium - eJobs] Incremental scroll to 6000px (4/7)...
2026-08-11 03-51-41 [INFO]       [Selenium - eJobs] Incremental scroll to 7500px (5/7)...
2026-08-11 03-51-42 [INFO]       [Selenium - eJobs] Incremental scroll to 9000px (6/7)...
2026-08-11 03-51-44 [INFO]       [Selenium - eJobs] Incremental scroll to 10500px (7/7)...
2026-08-11 03-51-47 [INFO]    [eJobs] Loading page 2 for inginerie...
2026-08-11 03-51-48 [INFO]       [Selenium - eJobs] Incremental scroll to 1500px (1/7)...
2026-08-11 03-51-49 [INFO]       [Selenium - eJobs] Incremental scroll to 3000px (2/7)...
2026-08-11 03-51-51 [INFO]       [Selenium - eJobs] Incremental scroll to 4500px (3/7)...
2026-08-11 03-51-52 [INFO]       [Selenium - eJobs] Incremental scroll to 6000px (4/7)...
2026-08-11 03-51-53 [INFO]       [Selenium - eJobs] Incremental scroll to 7500px (5/7)...
2026-08-11 03-51-54 [INFO]       [Selenium - eJobs] Incremental scroll to 9000px (6/7)...
2026-08-11 03-51-55 [INFO]       [Selenium - eJobs] Incremental scroll to 10500px (7/7)...
2026-08-11 03-51-59 [INFO]    [eJobs] Loading page 3 for inginerie...
2026-08-11 03-52-00 [INFO]       [Selenium - eJobs] Incremental scroll to 1500px (1/7)...
2026-08-11 03-52-01 [INFO]       [Selenium - eJobs] Incremental scroll to 3000px (2/7)...
2026-08-11 03-52-03 [INFO]       [Selenium - eJobs] Incremental scroll to 4500px (3/7)...
2026-08-11 03-52-04 [INFO]       [Selenium - eJobs] Incremental scroll to 6000px (4/7)...
2026-08-11 03-52-05 [INFO]       [Selenium - eJobs] Incremental scroll to 7500px (5/7)...
2026-08-11 03-52-06 [INFO]       [Selenium - eJobs] Incremental scroll to 9000px (6/7)...
2026-08-11 03-52-07 [INFO]       [Selenium - eJobs] Incremental scroll to 10500px (7/7)...
2026-08-11 03-52-11 [INFO]    [eJobs] Loading page 4 for inginerie...
2026-08-11 03-52-12 [INFO]       [Selenium - eJobs] Incremental scroll to 1500px (1/7)...
2026-08-11 03-52-13 [INFO]       [Selenium - eJobs] Incremental scroll to 3000px (2/7)...
2026-08-11 03-52-14 [INFO]       [Selenium - eJobs] Incremental scroll to 4500px (3/7)...
2026-08-11 03-52-16 [INFO]       [Selenium - eJobs] Incremental scroll to 6000px (4/7)...
2026-08-11 03-52-17 [INFO]       [Selenium - eJobs] Incremental scroll to 7500px (5/7)...
2026-08-11 03-52-18 [INFO]       [Selenium - eJobs] Incremental scroll to 9000px (6/7)...
2026-08-11 03-52-19 [INFO]       [Selenium - eJobs] Incremental scroll to 10500px (7/7)...
2026-08-11 03-52-23 [INFO]    [eJobs] Loading page 5 for inginerie...
2026-08-11 03-52-24 [INFO]       [Selenium - eJobs] Incremental scroll to 1500px (1/7)...
2026-08-11 03-52-25 [INFO]       [Selenium - eJobs] Incremental scroll to 3000px (2/7)...
2026-08-11 03-52-26 [INFO]       [Selenium - eJobs] Incremental scroll to 4500px (3/7)...
2026-08-11 03-52-28 [INFO]       [Selenium - eJobs] Incremental scroll to 6000px (4/7)...
2026-08-11 03-52-29 [INFO]       [Selenium - eJobs] Incremental scroll to 7500px (5/7)...
2026-08-11 03-52-30 [INFO]       [Selenium - eJobs] Incremental scroll to 9000px (6/7)...
2026-08-11 03-52-31 [INFO]       [Selenium - eJobs] Incremental scroll to 10500px (7/7)...
2026-08-11 03-52-35 [INFO]    [eJobs] Loading page 6 for inginerie...
2026-08-11 03-52-36 [INFO]       [Selenium - eJobs] Incremental scroll to 1500px (1/7)...
2026-08-11 03-52-37 [INFO]       [Selenium - eJobs] Incremental scroll to 3000px (2/7)...
2026-08-11 03-52-38 [INFO]       [Selenium - eJobs] Incremental scroll to 4500px (3/7)...
2026-08-11 03-52-39 [INFO]       [Selenium - eJobs] Incremental scroll to 6000px (4/7)...
2026-08-11 03-52-41 [INFO]       [Selenium - eJobs] Incremental scroll to 7500px (5/7)...
2026-08-11 03-52-42 [INFO]       [Selenium - eJobs] Incremental scroll to 9000px (6/7)...
2026-08-11 03-52-43 [INFO]       [Selenium - eJobs] Incremental scroll to 10500px (7/7)...
2026-08-11 03-52-46 [INFO]    [Parser Engine - BestJobs] Starting analytical parsing for 1094 fetched pages...
2026-08-11 03-53-01 [INFO]    [BestJobs Filter] Queued 'engineering' for DB save (86 jobs).
2026-08-11 03-53-01 [INFO] 
🚀 Switching to BestJobs category: PRODUCTION 🚀
2026-08-11 03-53-01 [INFO]    [BestJobs] Fetching HTML content for 'production'...
2026-08-11 03-53-01 [INFO] [SQL Database] Done! Out of 86 filtered jobs, 86 were NEW and successfully saved.
2026-08-11 03-53-01 [INFO]    [eJobs] Loading page 7 for inginerie...
2026-08-11 03-53-03 [INFO]       [Selenium - eJobs] Incremental scroll to 1500px (1/7)...
2026-08-11 03-53-04 [INFO]       [Selenium - eJobs] Incremental scroll to 3000px (2/7)...
2026-08-11 03-53-04 [INFO]    [Selenium - BestJobs] Starting progressive manual scroll and click loop...
2026-08-11 03-53-05 [INFO]       [Selenium - eJobs] Incremental scroll to 4500px (3/7)...
2026-08-11 03-53-06 [INFO]       [Selenium - eJobs] Incremental scroll to 6000px (4/7)...
2026-08-11 03-53-07 [INFO]       [Selenium - eJobs] Incremental scroll to 7500px (5/7)...
2026-08-11 03-53-08 [INFO]    [Selenium - BestJobs] Clicked 'Load more' (1/50). Loading next batch...
2026-08-11 03-53-09 [INFO]       [Selenium - eJobs] Incremental scroll to 9000px (6/7)...
2026-08-11 03-53-10 [INFO]       [Selenium - eJobs] Incremental scroll to 10500px (7/7)...
2026-08-11 03-53-12 [INFO]    [Selenium - BestJobs] Clicked 'Load more' (2/50). Loading next batch...
2026-08-11 03-53-13 [INFO]    [eJobs] Loading page 8 for inginerie...
2026-08-11 03-53-15 [INFO]       [Selenium - eJobs] Incremental scroll to 1500px (1/7)...
2026-08-11 03-53-16 [INFO]       [Selenium - eJobs] Incremental scroll to 3000px (2/7)...
2026-08-11 03-53-17 [INFO]    [Selenium - BestJobs] Clicked 'Load more' (3/50). Loading next batch...
2026-08-11 03-53-17 [INFO]       [Selenium - eJobs] Incremental scroll to 4500px (3/7)...
2026-08-11 03-53-18 [INFO]       [Selenium - eJobs] Incremental scroll to 6000px (4/7)...
2026-08-11 03-53-19 [INFO]       [Selenium - eJobs] Incremental scroll to 7500px (5/7)...
2026-08-11 03-53-21 [INFO]       [Selenium - eJobs] Incremental scroll to 9000px (6/7)...
2026-08-11 03-53-21 [INFO]    [Selenium - BestJobs] Clicked 'Load more' (4/50). Loading next batch...
2026-08-11 03-53-22 [INFO]       [Selenium - eJobs] Incremental scroll to 10500px (7/7)...
2026-08-11 03-53-25 [INFO]    [eJobs] Loading page 9 for inginerie...
2026-08-11 03-53-26 [INFO]    [Selenium - BestJobs] Clicked 'Load more' (5/50). Loading next batch...
2026-08-11 03-53-27 [INFO]       [Selenium - eJobs] Incremental scroll to 1500px (1/7)...
2026-08-11 03-53-28 [INFO]       [Selenium - eJobs] Incremental scroll to 3000px (2/7)...
2026-08-11 03-53-29 [INFO]       [Selenium - eJobs] Incremental scroll to 4500px (3/7)...
2026-08-11 03-53-30 [INFO]       [Selenium - eJobs] Incremental scroll to 6000px (4/7)...
2026-08-11 03-53-31 [INFO]    [Selenium - BestJobs] Clicked 'Load more' (6/50). Loading next batch...
2026-08-11 03-53-32 [INFO]       [Selenium - eJobs] Incremental scroll to 7500px (5/7)...
2026-08-11 03-53-33 [INFO]       [Selenium - eJobs] Incremental scroll to 9000px (6/7)...
2026-08-11 03-53-34 [INFO]       [Selenium - eJobs] Incremental scroll to 10500px (7/7)...
2026-08-11 03-53-36 [INFO]    [Selenium - BestJobs] Clicked 'Load more' (7/50). Loading next batch...
2026-08-11 03-53-37 [INFO]    [eJobs] Loading page 10 for inginerie...
2026-08-11 03-53-39 [INFO]       [Selenium - eJobs] Incremental scroll to 1500px (1/7)...
2026-08-11 03-53-40 [INFO]       [Selenium - eJobs] Incremental scroll to 3000px (2/7)...
2026-08-11 03-53-41 [INFO]       [Selenium - eJobs] Incremental scroll to 4500px (3/7)...
2026-08-11 03-53-41 [INFO]    [Selenium - BestJobs] Clicked 'Load more' (8/50). Loading next batch...
2026-08-11 03-53-43 [INFO]       [Selenium - eJobs] Incremental scroll to 6000px (4/7)...
2026-08-11 03-53-44 [INFO]       [Selenium - eJobs] Incremental scroll to 7500px (5/7)...
2026-08-11 03-53-45 [INFO]       [Selenium - eJobs] Incremental scroll to 9000px (6/7)...
2026-08-11 03-53-46 [INFO]       [Selenium - eJobs] Incremental scroll to 10500px (7/7)...
2026-08-11 03-53-47 [INFO]    [Selenium - BestJobs] Clicked 'Load more' (9/50). Loading next batch...
2026-08-11 03-53-50 [INFO]    [eJobs] Loading page 11 for inginerie...
2026-08-11 03-53-50 [INFO]       [Selenium - eJobs] Incremental scroll to 1500px (1/7)...
2026-08-11 03-53-52 [INFO]       [Selenium - eJobs] Incremental scroll to 3000px (2/7)...
2026-08-11 03-53-53 [INFO]    [Selenium - BestJobs] Clicked 'Load more' (10/50). Loading next batch...
2026-08-11 03-53-53 [INFO]       [Selenium - eJobs] Incremental scroll to 4500px (3/7)...
2026-08-11 03-53-54 [INFO]       [Selenium - eJobs] Incremental scroll to 6000px (4/7)...
2026-08-11 03-53-55 [INFO]       [Selenium - eJobs] Incremental scroll to 7500px (5/7)...
2026-08-11 03-53-56 [INFO]       [Selenium - eJobs] Incremental scroll to 9000px (6/7)...
2026-08-11 03-53-58 [INFO]       [Selenium - eJobs] Incremental scroll to 10500px (7/7)...
2026-08-11 03-53-58 [INFO]    [Selenium - BestJobs] Clicked 'Load more' (11/50). Loading next batch...
2026-08-11 03-53-59 [INFO]    [eJobs] No jobs found on page 11. Reached end of category inginerie.
2026-08-11 03-53-59 [INFO]    [Session - eJobs] Captured 6 cookies + real UA from the browser session for category 'inginerie'.
2026-08-11 03-53-59 [INFO] 🔥 Starting async processing for 261 raw eJobs jobs in 'inginerie'...
2026-08-11 03-53-59 [INFO]    [Session Reuse] Using 6 cookies from Selenium, over a curl_cffi client impersonating Chrome at the TLS/HTTP2 level.
2026-08-11 03-54-04 [INFO]    [Selenium - BestJobs] Clicked 'Load more' (12/50). Loading next batch...
2026-08-11 03-54-10 [INFO]    [Selenium - BestJobs] Clicked 'Load more' (13/50). Loading next batch...
2026-08-11 03-54-16 [INFO]    [Selenium - BestJobs] Clicked 'Load more' (14/50). Loading next batch...
2026-08-11 03-54-23 [INFO]    [Selenium - BestJobs] Clicked 'Load more' (15/50). Loading next batch...
2026-08-11 03-54-29 [INFO]    [Selenium - BestJobs] Clicked 'Load more' (16/50). Loading next batch...
2026-08-11 03-54-36 [INFO]    [Selenium - BestJobs] Clicked 'Load more' (17/50). Loading next batch...
2026-08-11 03-54-44 [INFO]    [Selenium - BestJobs] Clicked 'Load more' (18/50). Loading next batch...
2026-08-11 03-54-51 [INFO]    [Selenium - BestJobs] Clicked 'Load more' (19/50). Loading next batch...
2026-08-11 03-54-59 [INFO]    [Selenium - BestJobs] Clicked 'Load more' (20/50). Loading next batch...
2026-08-11 03-55-07 [INFO]    [Selenium - BestJobs] Clicked 'Load more' (21/50). Loading next batch...
2026-08-11 03-55-15 [INFO]    [Selenium - BestJobs] Clicked 'Load more' (22/50). Loading next batch...
2026-08-11 03-55-24 [INFO]    [Selenium - BestJobs] Clicked 'Load more' (23/50). Loading next batch...
2026-08-11 03-55-33 [INFO]    [Selenium - BestJobs] Clicked 'Load more' (24/50). Loading next batch...
2026-08-11 03-55-41 [INFO]    [Selenium - BestJobs] Clicked 'Load more' (25/50). Loading next batch...
2026-08-11 03-55-52 [INFO]    [Selenium - BestJobs] Clicked 'Load more' (26/50). Loading next batch...
2026-08-11 03-56-01 [INFO]    [Selenium - BestJobs] Clicked 'Load more' (27/50). Loading next batch...
2026-08-11 03-56-12 [INFO]    [Selenium - BestJobs] Clicked 'Load more' (28/50). Loading next batch...
2026-08-11 03-56-22 [INFO]    [Selenium - BestJobs] Clicked 'Load more' (29/50). Loading next batch...
2026-08-11 03-56-31 [INFO]    [Selenium - BestJobs] Clicked 'Load more' (30/50). Loading next batch...
2026-08-11 03-56-43 [INFO]    [Selenium - BestJobs] Clicked 'Load more' (31/50). Loading next batch...
2026-08-11 03-56-54 [INFO]    [Selenium - BestJobs] Clicked 'Load more' (32/50). Loading next batch...
2026-08-11 03-57-05 [INFO]    [Selenium - BestJobs] Clicked 'Load more' (33/50). Loading next batch...
2026-08-11 03-57-16 [INFO]    [Selenium - BestJobs] Clicked 'Load more' (34/50). Loading next batch...
2026-08-11 03-57-29 [INFO]    [Selenium - BestJobs] Clicked 'Load more' (35/50). Loading next batch...
2026-08-11 03-57-41 [INFO]    [Selenium - BestJobs] Clicked 'Load more' (36/50). Loading next batch...
2026-08-11 03-57-54 [INFO]    [Selenium - BestJobs] Clicked 'Load more' (37/50). Loading next batch...
2026-08-11 03-58-07 [INFO]    [Selenium - BestJobs] Clicked 'Load more' (38/50). Loading next batch...
2026-08-11 03-58-20 [INFO]    [Selenium - BestJobs] Clicked 'Load more' (39/50). Loading next batch...
2026-08-11 03-58-34 [INFO]    [Selenium - BestJobs] Clicked 'Load more' (40/50). Loading next batch...
2026-08-11 03-58-48 [INFO]    [Selenium - BestJobs] Clicked 'Load more' (41/50). Loading next batch...
2026-08-11 03-59-02 [INFO]    [Selenium - BestJobs] Clicked 'Load more' (42/50). Loading next batch...
2026-08-11 03-59-16 [INFO]    [Selenium - BestJobs] Clicked 'Load more' (43/50). Loading next batch...
2026-08-11 03-59-32 [INFO]    [Selenium - BestJobs] Clicked 'Load more' (44/50). Loading next batch...
2026-08-11 03-59-41 [INFO]    [Parser Engine - LinkedIn] Analyzing descriptions for fetched pages...
2026-08-11 03-59-47 [INFO]    [Selenium - BestJobs] Clicked 'Load more' (45/50). Loading next batch...
2026-08-11 04-00-01 [INFO]    [LinkedIn Filter] Queued 'DevOps' for DB save (314 jobs).
2026-08-11 04-00-01 [INFO]    [Cooldown - LinkedIn] Pausing 10s before next LinkedIn category...
2026-08-11 04-00-01 [INFO] [SQL Database] Done! Out of 314 filtered jobs, 314 were NEW and successfully saved.
2026-08-11 04-00-05 [INFO]    [Selenium - BestJobs] Clicked 'Load more' (46/50). Loading next batch...
2026-08-11 04-00-11 [INFO] 
🚀 Switching to LinkedIn category: CLOUD 🚀
2026-08-11 04-00-11 [INFO]    [LinkedIn] Fetching HTML content for 'Cloud'...
2026-08-11 04-00-14 [INFO]    [Selenium - LinkedIn] Starting scroll down loop to load jobs...
2026-08-11 04-00-22 [INFO]    [Selenium - BestJobs] Clicked 'Load more' (47/50). Loading next batch...
2026-08-11 04-00-31 [INFO]    [Selenium - LinkedIn] Clicked 'Load More' button.
2026-08-11 04-00-35 [INFO]    [Selenium - LinkedIn] Clicked 'Load More' button.
2026-08-11 04-00-39 [INFO]    [Selenium - BestJobs] Clicked 'Load more' (48/50). Loading next batch...
2026-08-11 04-00-39 [INFO]    [Selenium - LinkedIn] Clicked 'Load More' button.
2026-08-11 04-00-43 [INFO]    [Selenium - LinkedIn] Clicked 'Load More' button.
2026-08-11 04-00-47 [INFO]    [Selenium - LinkedIn] Clicked 'Load More' button.
2026-08-11 04-00-51 [INFO]    [Selenium - LinkedIn] Clicked 'Load More' button.
2026-08-11 04-00-55 [INFO]    [Selenium - LinkedIn] Clicked 'Load More' button.
2026-08-11 04-00-56 [INFO]    [Selenium - BestJobs] Clicked 'Load more' (49/50). Loading next batch...
2026-08-11 04-00-59 [INFO]    [Selenium - LinkedIn] Clicked 'Load More' button.
2026-08-11 04-01-03 [INFO]    [Selenium - LinkedIn] Clicked 'Load More' button.
2026-08-11 04-01-07 [INFO]    [Selenium - LinkedIn] Clicked 'Load More' button.
2026-08-11 04-01-09 [INFO]    [Selenium - LinkedIn] End of jobs reached after 17 scrolls. Stopping.
2026-08-11 04-01-10 [INFO]    [LinkedIn] Parsing job cards for 'Cloud'...
2026-08-11 04-01-10 [INFO] [Soup - LinkedIn] Found 220 raw job cards.
2026-08-11 04-01-10 [INFO] 🔥 Starting async processing for 218 raw LinkedIn jobs in 'Cloud'...
2026-08-11 04-01-13 [INFO]    [Selenium - BestJobs] Clicked 'Load more' (50/50). Loading next batch...
2026-08-11 04-01-19 [INFO] 
[Soup - BestJobs] Total jobs loaded after deep scroll: 1248 !
2026-08-11 04-01-21 [INFO] 🔥 Starting async processing for 883 raw BestJobs jobs in 'production'...
2026-08-11 04-06-38 [INFO]    [Parser Engine - eJobs] Starting analytical parsing for 261 fetched pages...
2026-08-11 04-06-44 [INFO]    [Fetch Summary] raw=261 | saved=26 | never_fetched=0
2026-08-11 04-06-44 [INFO] [eJobs Category Summary] 'inginerie': raw=261 saved=26 lost=235
2026-08-11 04-06-44 [INFO]    [eJobs Filter] Queued 'inginerie' for DB save (26 jobs).
2026-08-11 04-06-44 [INFO]    [Cooldown - eJobs] Pausing 8s before next eJobs category...
2026-08-11 04-06-44 [INFO] [SQL Database] Done! Out of 26 filtered jobs, 26 were NEW and successfully saved.
2026-08-11 04-06-49 [INFO] 
🚀 Switching to eJobs category: PRODUCTIE 🚀
2026-08-11 04-06-50 [INFO]    [eJobs] Loading page 1 for productie...
2026-08-11 04-06-51 [INFO]       [Selenium - eJobs] Incremental scroll to 1500px (1/7)...
2026-08-11 04-06-52 [INFO]       [Selenium - eJobs] Incremental scroll to 3000px (2/7)...
2026-08-11 04-06-54 [INFO]       [Selenium - eJobs] Incremental scroll to 4500px (3/7)...
2026-08-11 04-06-55 [INFO]       [Selenium - eJobs] Incremental scroll to 6000px (4/7)...
2026-08-11 04-06-56 [INFO]       [Selenium - eJobs] Incremental scroll to 7500px (5/7)...
2026-08-11 04-06-57 [INFO]       [Selenium - eJobs] Incremental scroll to 9000px (6/7)...
2026-08-11 04-06-58 [INFO]       [Selenium - eJobs] Incremental scroll to 10500px (7/7)...
2026-08-11 04-07-02 [INFO]    [eJobs] Loading page 2 for productie...
2026-08-11 04-07-03 [INFO]       [Selenium - eJobs] Incremental scroll to 1500px (1/7)...
2026-08-11 04-07-04 [INFO]       [Selenium - eJobs] Incremental scroll to 3000px (2/7)...
2026-08-11 04-07-05 [INFO]       [Selenium - eJobs] Incremental scroll to 4500px (3/7)...
2026-08-11 04-07-07 [INFO]       [Selenium - eJobs] Incremental scroll to 6000px (4/7)...
2026-08-11 04-07-08 [INFO]       [Selenium - eJobs] Incremental scroll to 7500px (5/7)...
2026-08-11 04-07-09 [INFO]       [Selenium - eJobs] Incremental scroll to 9000px (6/7)...
2026-08-11 04-07-10 [INFO]       [Selenium - eJobs] Incremental scroll to 10500px (7/7)...
2026-08-11 04-07-14 [INFO]    [eJobs] Loading page 3 for productie...
2026-08-11 04-07-15 [INFO]       [Selenium - eJobs] Incremental scroll to 1500px (1/7)...
2026-08-11 04-07-16 [INFO]       [Selenium - eJobs] Incremental scroll to 3000px (2/7)...
2026-08-11 04-07-17 [INFO]       [Selenium - eJobs] Incremental scroll to 4500px (3/7)...
2026-08-11 04-07-19 [INFO]       [Selenium - eJobs] Incremental scroll to 6000px (4/7)...
2026-08-11 04-07-20 [INFO]       [Selenium - eJobs] Incremental scroll to 7500px (5/7)...
2026-08-11 04-07-21 [INFO]       [Selenium - eJobs] Incremental scroll to 9000px (6/7)...
2026-08-11 04-07-22 [INFO]       [Selenium - eJobs] Incremental scroll to 10500px (7/7)...
2026-08-11 04-07-26 [INFO]    [eJobs] Loading page 4 for productie...
2026-08-11 04-07-27 [INFO]       [Selenium - eJobs] Incremental scroll to 1500px (1/7)...
2026-08-11 04-07-28 [INFO]       [Selenium - eJobs] Incremental scroll to 3000px (2/7)...
2026-08-11 04-07-29 [INFO]    [Parser Engine - LinkedIn] Analyzing descriptions for fetched pages...
2026-08-11 04-07-29 [INFO]       [Selenium - eJobs] Incremental scroll to 4500px (3/7)...
2026-08-11 04-07-31 [INFO]       [Selenium - eJobs] Incremental scroll to 6000px (4/7)...
2026-08-11 04-07-32 [INFO]       [Selenium - eJobs] Incremental scroll to 7500px (5/7)...
2026-08-11 04-07-33 [INFO]       [Selenium - eJobs] Incremental scroll to 9000px (6/7)...
2026-08-11 04-07-34 [INFO]       [Selenium - eJobs] Incremental scroll to 10500px (7/7)...
2026-08-11 04-07-42 [INFO]    [LinkedIn Filter] Queued 'Cloud' for DB save (216 jobs).
2026-08-11 04-07-42 [INFO]    [Cooldown - LinkedIn] Pausing 10s before next LinkedIn category...
2026-08-11 04-07-42 [INFO] [SQL Database] Done! Out of 216 filtered jobs, 216 were NEW and successfully saved.
2026-08-11 04-07-44 [INFO]    [eJobs] Loading page 5 for productie...
2026-08-11 04-07-46 [INFO]       [Selenium - eJobs] Incremental scroll to 1500px (1/7)...
2026-08-11 04-07-47 [INFO]       [Selenium - eJobs] Incremental scroll to 3000px (2/7)...
2026-08-11 04-07-48 [INFO]       [Selenium - eJobs] Incremental scroll to 4500px (3/7)...
2026-08-11 04-07-49 [INFO]       [Selenium - eJobs] Incremental scroll to 6000px (4/7)...
2026-08-11 04-07-51 [INFO]       [Selenium - eJobs] Incremental scroll to 7500px (5/7)...
2026-08-11 04-07-52 [INFO]       [Selenium - eJobs] Incremental scroll to 9000px (6/7)...
2026-08-11 04-07-52 [INFO] 
🚀 Switching to LinkedIn category: DATA 🚀
2026-08-11 04-07-52 [INFO]    [LinkedIn] Fetching HTML content for 'Data'...
2026-08-11 04-07-53 [INFO]       [Selenium - eJobs] Incremental scroll to 10500px (7/7)...
2026-08-11 04-07-55 [INFO]    [Selenium - LinkedIn] Starting scroll down loop to load jobs...
2026-08-11 04-07-57 [INFO]    [eJobs] Loading page 6 for productie...
2026-08-11 04-07-58 [INFO]       [Selenium - eJobs] Incremental scroll to 1500px (1/7)...
2026-08-11 04-07-59 [INFO]       [Selenium - eJobs] Incremental scroll to 3000px (2/7)...
2026-08-11 04-08-00 [INFO]       [Selenium - eJobs] Incremental scroll to 4500px (3/7)...
2026-08-11 04-08-02 [INFO]       [Selenium - eJobs] Incremental scroll to 6000px (4/7)...
2026-08-11 04-08-03 [INFO]       [Selenium - eJobs] Incremental scroll to 7500px (5/7)...
2026-08-11 04-08-04 [INFO]       [Selenium - eJobs] Incremental scroll to 9000px (6/7)...
2026-08-11 04-08-05 [INFO]       [Selenium - eJobs] Incremental scroll to 10500px (7/7)...
2026-08-11 04-08-09 [INFO]    [eJobs] Loading page 7 for productie...
2026-08-11 04-08-10 [INFO]       [Selenium - eJobs] Incremental scroll to 1500px (1/7)...
2026-08-11 04-08-11 [INFO]       [Selenium - eJobs] Incremental scroll to 3000px (2/7)...
2026-08-11 04-08-11 [INFO]    [Selenium - LinkedIn] Clicked 'Load More' button.
2026-08-11 04-08-12 [INFO]       [Selenium - eJobs] Incremental scroll to 4500px (3/7)...
2026-08-11 04-08-14 [INFO]       [Selenium - eJobs] Incremental scroll to 6000px (4/7)...
2026-08-11 04-08-15 [INFO]       [Selenium - eJobs] Incremental scroll to 7500px (5/7)...
2026-08-11 04-08-15 [INFO]    [Selenium - LinkedIn] Clicked 'Load More' button.
2026-08-11 04-08-16 [INFO]       [Selenium - eJobs] Incremental scroll to 9000px (6/7)...
2026-08-11 04-08-17 [INFO]       [Selenium - eJobs] Incremental scroll to 10500px (7/7)...
2026-08-11 04-08-19 [INFO]    [Selenium - LinkedIn] Clicked 'Load More' button.
2026-08-11 04-08-21 [INFO]    [eJobs] Loading page 8 for productie...
2026-08-11 04-08-22 [INFO]       [Selenium - eJobs] Incremental scroll to 1500px (1/7)...
2026-08-11 04-08-23 [INFO]       [Selenium - eJobs] Incremental scroll to 3000px (2/7)...
2026-08-11 04-08-24 [INFO]    [Selenium - LinkedIn] Clicked 'Load More' button.
2026-08-11 04-08-24 [INFO]       [Selenium - eJobs] Incremental scroll to 4500px (3/7)...
2026-08-11 04-08-26 [INFO]       [Selenium - eJobs] Incremental scroll to 6000px (4/7)...
2026-08-11 04-08-27 [INFO]       [Selenium - eJobs] Incremental scroll to 7500px (5/7)...
2026-08-11 04-08-28 [INFO]    [Selenium - LinkedIn] Clicked 'Load More' button.
2026-08-11 04-08-28 [INFO]       [Selenium - eJobs] Incremental scroll to 9000px (6/7)...
2026-08-11 04-08-29 [INFO]       [Selenium - eJobs] Incremental scroll to 10500px (7/7)...
2026-08-11 04-08-32 [INFO]    [Selenium - LinkedIn] Clicked 'Load More' button.
2026-08-11 04-08-32 [INFO]    [eJobs] Loading page 9 for productie...
2026-08-11 04-08-34 [INFO]       [Selenium - eJobs] Incremental scroll to 1500px (1/7)...
2026-08-11 04-08-35 [INFO]       [Selenium - eJobs] Incremental scroll to 3000px (2/7)...
2026-08-11 04-08-36 [INFO]    [Selenium - LinkedIn] Clicked 'Load More' button.
2026-08-11 04-08-36 [INFO]       [Selenium - eJobs] Incremental scroll to 4500px (3/7)...
2026-08-11 04-08-37 [INFO]       [Selenium - eJobs] Incremental scroll to 6000px (4/7)...
2026-08-11 04-08-38 [INFO]       [Selenium - eJobs] Incremental scroll to 7500px (5/7)...
2026-08-11 04-08-40 [INFO]       [Selenium - eJobs] Incremental scroll to 9000px (6/7)...
2026-08-11 04-08-40 [INFO]    [Selenium - LinkedIn] Clicked 'Load More' button.
2026-08-11 04-08-41 [INFO]       [Selenium - eJobs] Incremental scroll to 10500px (7/7)...
2026-08-11 04-08-44 [INFO]    [Selenium - LinkedIn] Clicked 'Load More' button.
2026-08-11 04-08-44 [INFO]    [eJobs] Loading page 10 for productie...
2026-08-11 04-08-46 [INFO]       [Selenium - eJobs] Incremental scroll to 1500px (1/7)...
2026-08-11 04-08-47 [INFO]       [Selenium - eJobs] Incremental scroll to 3000px (2/7)...
2026-08-11 04-08-48 [INFO]    [Selenium - LinkedIn] Clicked 'Load More' button.
2026-08-11 04-08-48 [INFO]       [Selenium - eJobs] Incremental scroll to 4500px (3/7)...
2026-08-11 04-08-49 [INFO]       [Selenium - eJobs] Incremental scroll to 6000px (4/7)...
2026-08-11 04-08-51 [INFO]       [Selenium - eJobs] Incremental scroll to 7500px (5/7)...
2026-08-11 04-08-52 [INFO]       [Selenium - eJobs] Incremental scroll to 9000px (6/7)...
2026-08-11 04-08-52 [INFO]    [Selenium - LinkedIn] Clicked 'Load More' button.
2026-08-11 04-08-53 [INFO]       [Selenium - eJobs] Incremental scroll to 10500px (7/7)...
2026-08-11 04-08-56 [INFO]    [Selenium - LinkedIn] Clicked 'Load More' button.
2026-08-11 04-08-56 [INFO]    [eJobs] Loading page 11 for productie...
2026-08-11 04-08-58 [INFO]       [Selenium - eJobs] Incremental scroll to 1500px (1/7)...
2026-08-11 04-08-59 [INFO]       [Selenium - eJobs] Incremental scroll to 3000px (2/7)...
2026-08-11 04-09-00 [INFO]    [Selenium - LinkedIn] Clicked 'Load More' button.
2026-08-11 04-09-00 [INFO]       [Selenium - eJobs] Incremental scroll to 4500px (3/7)...
2026-08-11 04-09-01 [INFO]       [Selenium - eJobs] Incremental scroll to 6000px (4/7)...
2026-08-11 04-09-02 [INFO]       [Selenium - eJobs] Incremental scroll to 7500px (5/7)...
2026-08-11 04-09-04 [INFO]       [Selenium - eJobs] Incremental scroll to 9000px (6/7)...
2026-08-11 04-09-04 [INFO]    [Selenium - LinkedIn] Clicked 'Load More' button.
2026-08-11 04-09-05 [INFO]       [Selenium - eJobs] Incremental scroll to 10500px (7/7)...
2026-08-11 04-09-08 [INFO]    [Selenium - LinkedIn] Clicked 'Load More' button.
2026-08-11 04-09-08 [INFO]    [eJobs] Loading page 12 for productie...
2026-08-11 04-09-10 [INFO]       [Selenium - eJobs] Incremental scroll to 1500px (1/7)...
2026-08-11 04-09-11 [INFO]       [Selenium - eJobs] Incremental scroll to 3000px (2/7)...
2026-08-11 04-09-12 [INFO]       [Selenium - eJobs] Incremental scroll to 4500px (3/7)...
2026-08-11 04-09-12 [INFO]    [Selenium - LinkedIn] Clicked 'Load More' button.
2026-08-11 04-09-13 [INFO]       [Selenium - eJobs] Incremental scroll to 6000px (4/7)...
2026-08-11 04-09-14 [INFO]    [Selenium - LinkedIn] End of jobs reached after 23 scrolls. Stopping.
2026-08-11 04-09-14 [INFO]    [LinkedIn] Parsing job cards for 'Data'...
2026-08-11 04-09-14 [INFO] [Soup - LinkedIn] Found 280 raw job cards.
2026-08-11 04-09-14 [INFO] 🔥 Starting async processing for 278 raw LinkedIn jobs in 'Data'...
2026-08-11 04-09-14 [INFO]       [Selenium - eJobs] Incremental scroll to 7500px (5/7)...
2026-08-11 04-09-16 [INFO]       [Selenium - eJobs] Incremental scroll to 9000px (6/7)...
2026-08-11 04-09-17 [INFO]       [Selenium - eJobs] Incremental scroll to 10500px (7/7)...
2026-08-11 04-09-20 [INFO]    [eJobs] Loading page 13 for productie...
2026-08-11 04-09-21 [INFO]       [Selenium - eJobs] Incremental scroll to 1500px (1/7)...
2026-08-11 04-09-23 [INFO]       [Selenium - eJobs] Incremental scroll to 3000px (2/7)...
2026-08-11 04-09-24 [INFO]       [Selenium - eJobs] Incremental scroll to 4500px (3/7)...
2026-08-11 04-09-25 [INFO]       [Selenium - eJobs] Incremental scroll to 6000px (4/7)...
2026-08-11 04-09-26 [INFO]       [Selenium - eJobs] Incremental scroll to 7500px (5/7)...
2026-08-11 04-09-27 [INFO]       [Selenium - eJobs] Incremental scroll to 9000px (6/7)...
2026-08-11 04-09-29 [INFO]       [Selenium - eJobs] Incremental scroll to 10500px (7/7)...
2026-08-11 04-09-32 [INFO]    [eJobs] Loading page 14 for productie...
2026-08-11 04-09-33 [INFO]       [Selenium - eJobs] Incremental scroll to 1500px (1/7)...
2026-08-11 04-09-35 [INFO]       [Selenium - eJobs] Incremental scroll to 3000px (2/7)...
2026-08-11 04-09-36 [INFO]       [Selenium - eJobs] Incremental scroll to 4500px (3/7)...
2026-08-11 04-09-37 [INFO]       [Selenium - eJobs] Incremental scroll to 6000px (4/7)...
2026-08-11 04-09-38 [INFO]       [Selenium - eJobs] Incremental scroll to 7500px (5/7)...
2026-08-11 04-09-39 [INFO]       [Selenium - eJobs] Incremental scroll to 9000px (6/7)...
2026-08-11 04-09-41 [INFO]       [Selenium - eJobs] Incremental scroll to 10500px (7/7)...
2026-08-11 04-09-44 [INFO]    [eJobs] Loading page 15 for productie...
2026-08-11 04-09-45 [INFO]       [Selenium - eJobs] Incremental scroll to 1500px (1/7)...
2026-08-11 04-09-47 [INFO]       [Selenium - eJobs] Incremental scroll to 3000px (2/7)...
2026-08-11 04-09-48 [INFO]       [Selenium - eJobs] Incremental scroll to 4500px (3/7)...
2026-08-11 04-09-49 [INFO]       [Selenium - eJobs] Incremental scroll to 6000px (4/7)...
2026-08-11 04-09-50 [INFO]       [Selenium - eJobs] Incremental scroll to 7500px (5/7)...
2026-08-11 04-09-51 [INFO]       [Selenium - eJobs] Incremental scroll to 9000px (6/7)...
2026-08-11 04-09-53 [INFO]       [Selenium - eJobs] Incremental scroll to 10500px (7/7)...
2026-08-11 04-09-56 [INFO]    [eJobs] Loading page 16 for productie...
2026-08-11 04-09-57 [INFO]       [Selenium - eJobs] Incremental scroll to 1500px (1/7)...
2026-08-11 04-09-59 [INFO]       [Selenium - eJobs] Incremental scroll to 3000px (2/7)...
2026-08-11 04-10-00 [INFO]       [Selenium - eJobs] Incremental scroll to 4500px (3/7)...
2026-08-11 04-10-01 [INFO]       [Selenium - eJobs] Incremental scroll to 6000px (4/7)...
2026-08-11 04-10-02 [INFO]       [Selenium - eJobs] Incremental scroll to 7500px (5/7)...
2026-08-11 04-10-03 [INFO]       [Selenium - eJobs] Incremental scroll to 9000px (6/7)...
2026-08-11 04-10-05 [INFO]       [Selenium - eJobs] Incremental scroll to 10500px (7/7)...
2026-08-11 04-10-08 [INFO]    [eJobs] Loading page 17 for productie...
2026-08-11 04-10-09 [INFO]       [Selenium - eJobs] Incremental scroll to 1500px (1/7)...
2026-08-11 04-10-10 [INFO]       [Selenium - eJobs] Incremental scroll to 3000px (2/7)...
2026-08-11 04-10-12 [INFO]       [Selenium - eJobs] Incremental scroll to 4500px (3/7)...
2026-08-11 04-10-13 [INFO]       [Selenium - eJobs] Incremental scroll to 6000px (4/7)...
2026-08-11 04-10-14 [INFO]       [Selenium - eJobs] Incremental scroll to 7500px (5/7)...
2026-08-11 04-10-15 [INFO]       [Selenium - eJobs] Incremental scroll to 9000px (6/7)...
2026-08-11 04-10-16 [INFO]       [Selenium - eJobs] Incremental scroll to 10500px (7/7)...
2026-08-11 04-10-20 [INFO]    [eJobs] Loading page 18 for productie...
2026-08-11 04-10-21 [INFO]       [Selenium - eJobs] Incremental scroll to 1500px (1/7)...
2026-08-11 04-10-22 [INFO]       [Selenium - eJobs] Incremental scroll to 3000px (2/7)...
2026-08-11 04-10-24 [INFO]       [Selenium - eJobs] Incremental scroll to 4500px (3/7)...
2026-08-11 04-10-25 [INFO]       [Selenium - eJobs] Incremental scroll to 6000px (4/7)...
2026-08-11 04-10-26 [INFO]       [Selenium - eJobs] Incremental scroll to 7500px (5/7)...
2026-08-11 04-10-27 [INFO]       [Selenium - eJobs] Incremental scroll to 9000px (6/7)...
2026-08-11 04-10-28 [INFO]       [Selenium - eJobs] Incremental scroll to 10500px (7/7)...
2026-08-11 04-10-32 [INFO]    [eJobs] Loading page 19 for productie...
2026-08-11 04-10-33 [INFO]       [Selenium - eJobs] Incremental scroll to 1500px (1/7)...
2026-08-11 04-10-34 [INFO]       [Selenium - eJobs] Incremental scroll to 3000px (2/7)...
2026-08-11 04-10-35 [INFO]       [Selenium - eJobs] Incremental scroll to 4500px (3/7)...
2026-08-11 04-10-37 [INFO]       [Selenium - eJobs] Incremental scroll to 6000px (4/7)...
2026-08-11 04-10-38 [INFO]       [Selenium - eJobs] Incremental scroll to 7500px (5/7)...
2026-08-11 04-10-39 [INFO]       [Selenium - eJobs] Incremental scroll to 9000px (6/7)...
2026-08-11 04-10-40 [INFO]       [Selenium - eJobs] Incremental scroll to 10500px (7/7)...
2026-08-11 04-10-44 [INFO]    [eJobs] Loading page 20 for productie...
2026-08-11 04-10-45 [INFO]       [Selenium - eJobs] Incremental scroll to 1500px (1/7)...
2026-08-11 04-10-46 [INFO]       [Selenium - eJobs] Incremental scroll to 3000px (2/7)...
2026-08-11 04-10-47 [INFO]       [Selenium - eJobs] Incremental scroll to 4500px (3/7)...
2026-08-11 04-10-48 [INFO]       [Selenium - eJobs] Incremental scroll to 6000px (4/7)...
2026-08-11 04-10-50 [INFO]       [Selenium - eJobs] Incremental scroll to 7500px (5/7)...
2026-08-11 04-10-51 [INFO]       [Selenium - eJobs] Incremental scroll to 9000px (6/7)...
2026-08-11 04-10-52 [INFO]       [Selenium - eJobs] Incremental scroll to 10500px (7/7)...
2026-08-11 04-10-55 [INFO]    [eJobs] Loading page 21 for productie...
2026-08-11 04-10-57 [INFO]       [Selenium - eJobs] Incremental scroll to 1500px (1/7)...
2026-08-11 04-10-58 [INFO]       [Selenium - eJobs] Incremental scroll to 3000px (2/7)...
2026-08-11 04-10-59 [INFO]       [Selenium - eJobs] Incremental scroll to 4500px (3/7)...
2026-08-11 04-11-00 [INFO]       [Selenium - eJobs] Incremental scroll to 6000px (4/7)...
2026-08-11 04-11-02 [INFO]       [Selenium - eJobs] Incremental scroll to 7500px (5/7)...
2026-08-11 04-11-03 [INFO]       [Selenium - eJobs] Incremental scroll to 9000px (6/7)...
2026-08-11 04-11-04 [INFO]       [Selenium - eJobs] Incremental scroll to 10500px (7/7)...
2026-08-11 04-11-07 [INFO]    [eJobs] Loading page 22 for productie...
2026-08-11 04-11-09 [INFO]       [Selenium - eJobs] Incremental scroll to 1500px (1/7)...
2026-08-11 04-11-10 [INFO]       [Selenium - eJobs] Incremental scroll to 3000px (2/7)...
2026-08-11 04-11-11 [INFO]       [Selenium - eJobs] Incremental scroll to 4500px (3/7)...
2026-08-11 04-11-12 [INFO]       [Selenium - eJobs] Incremental scroll to 6000px (4/7)...
2026-08-11 04-11-13 [INFO]       [Selenium - eJobs] Incremental scroll to 7500px (5/7)...
2026-08-11 04-11-15 [INFO]       [Selenium - eJobs] Incremental scroll to 9000px (6/7)...
2026-08-11 04-11-16 [INFO]       [Selenium - eJobs] Incremental scroll to 10500px (7/7)...
2026-08-11 04-11-17 [INFO]    [eJobs] No jobs found on page 22. Reached end of category productie.
2026-08-11 04-11-17 [INFO]    [Session - eJobs] Captured 6 cookies + real UA from the browser session for category 'productie'.
2026-08-11 04-11-17 [INFO] 🔥 Starting async processing for 390 raw eJobs jobs in 'productie'...
2026-08-11 04-11-17 [INFO]    [Session Reuse] Using 6 cookies from Selenium, over a curl_cffi client impersonating Chrome at the TLS/HTTP2 level.
2026-08-11 04-11-34 [INFO]    [Parser Engine - BestJobs] Starting analytical parsing for 883 fetched pages...
2026-08-11 04-11-46 [INFO]    [BestJobs Filter] Queued 'production' for DB save (38 jobs).
2026-08-11 04-11-46 [INFO] 
[BestJobs] Closing browser session...
2026-08-11 04-11-46 [INFO] [SQL Database] Done! Out of 38 filtered jobs, 38 were NEW and successfully saved.
2026-08-11 04-17-20 [ERROR] [curl_cffi Error] HTTP Error 999:  for URL: https://ro.linkedin.com/in/stavnic-corina-mihaela-33893383
2026-08-11 04-17-23 [WARNING]    [Retry Round 1] Re-attempting 1 jobs. Cooling down 15s...
2026-08-11 04-17-39 [ERROR] [curl_cffi Error] HTTP Error 999:  for URL: https://ro.linkedin.com/in/stavnic-corina-mihaela-33893383
2026-08-11 04-17-42 [WARNING]    [Giving Up] 1/278 job descriptions could never be downloaded after 2 attempts.
2026-08-11 04-17-42 [INFO]    [Parser Engine - LinkedIn] Analyzing descriptions for fetched pages...
2026-08-11 04-17-58 [INFO]    [LinkedIn Filter] Queued 'Data' for DB save (264 jobs).
2026-08-11 04-17-58 [INFO]    [Cooldown - LinkedIn] Pausing 10s before next LinkedIn category...
2026-08-11 04-17-58 [INFO] [SQL Database] Done! Out of 264 filtered jobs, 264 were NEW and successfully saved.
2026-08-11 04-18-08 [INFO] 
🚀 Switching to LinkedIn category: QA 🚀
2026-08-11 04-18-08 [INFO]    [LinkedIn] Fetching HTML content for 'QA'...
2026-08-11 04-18-12 [INFO]    [Selenium - LinkedIn] Starting scroll down loop to load jobs...
2026-08-11 04-18-26 [INFO]    [Selenium - LinkedIn] Clicked 'Load More' button.
2026-08-11 04-18-30 [INFO]    [Selenium - LinkedIn] Clicked 'Load More' button.
2026-08-11 04-18-34 [INFO]    [Selenium - LinkedIn] Clicked 'Load More' button.
2026-08-11 04-18-38 [INFO]    [Selenium - LinkedIn] Clicked 'Load More' button.
2026-08-11 04-18-42 [INFO]    [Selenium - LinkedIn] Clicked 'Load More' button.
2026-08-11 04-18-46 [INFO]    [Selenium - LinkedIn] Clicked 'Load More' button.
2026-08-11 04-18-50 [INFO]    [Selenium - LinkedIn] Clicked 'Load More' button.
2026-08-11 04-18-54 [INFO]    [Selenium - LinkedIn] Clicked 'Load More' button.
2026-08-11 04-18-58 [INFO]    [Selenium - LinkedIn] Clicked 'Load More' button.
2026-08-11 04-19-02 [INFO]    [Selenium - LinkedIn] Clicked 'Load More' button.
2026-08-11 04-19-06 [INFO]    [Selenium - LinkedIn] Clicked 'Load More' button.
2026-08-11 04-19-10 [INFO]    [Selenium - LinkedIn] Clicked 'Load More' button.
2026-08-11 04-19-14 [INFO]    [Selenium - LinkedIn] Clicked 'Load More' button.
2026-08-11 04-19-18 [INFO]    [Selenium - LinkedIn] Clicked 'Load More' button.
2026-08-11 04-19-22 [INFO]    [Selenium - LinkedIn] Clicked 'Load More' button.
2026-08-11 04-19-26 [INFO]    [Selenium - LinkedIn] Clicked 'Load More' button.
2026-08-11 04-19-30 [INFO]    [Selenium - LinkedIn] Clicked 'Load More' button.
2026-08-11 04-19-34 [INFO]    [Selenium - LinkedIn] Clicked 'Load More' button.
2026-08-11 04-19-38 [INFO]    [Selenium - LinkedIn] Clicked 'Load More' button.
2026-08-11 04-19-42 [INFO]    [Selenium - LinkedIn] Clicked 'Load More' button.
2026-08-11 04-19-47 [INFO]    [Selenium - LinkedIn] Clicked 'Load More' button.
2026-08-11 04-19-51 [INFO]    [Selenium - LinkedIn] Clicked 'Load More' button.
2026-08-11 04-19-55 [INFO]    [Selenium - LinkedIn] Clicked 'Load More' button.
2026-08-11 04-19-57 [INFO]    [Selenium - LinkedIn] End of jobs reached after 29 scrolls. Stopping.
2026-08-11 04-19-57 [INFO]    [LinkedIn] Parsing job cards for 'QA'...
2026-08-11 04-19-57 [INFO] [Soup - LinkedIn] Found 345 raw job cards.
2026-08-11 04-19-57 [INFO] 🔥 Starting async processing for 340 raw LinkedIn jobs in 'QA'...
2026-08-11 04-29-38 [INFO]    [Parser Engine - LinkedIn] Analyzing descriptions for fetched pages...
2026-08-11 04-29-57 [INFO]    [LinkedIn Filter] Queued 'QA' for DB save (202 jobs).
2026-08-11 04-29-57 [INFO]    [Cooldown - LinkedIn] Pausing 10s before next LinkedIn category...
2026-08-11 04-29-57 [INFO] [SQL Database] Done! Out of 202 filtered jobs, 202 were NEW and successfully saved.
2026-08-11 04-30-07 [INFO] 
🚀 Switching to LinkedIn category: TESTING 🚀
2026-08-11 04-30-07 [INFO]    [LinkedIn] Fetching HTML content for 'Testing'...
2026-08-11 04-30-10 [INFO]    [Selenium - LinkedIn] Starting scroll down loop to load jobs...
2026-08-11 04-30-25 [INFO]    [Parser Engine - eJobs] Starting analytical parsing for 390 fetched pages...
2026-08-11 04-30-26 [INFO]    [Selenium - LinkedIn] Clicked 'Load More' button.
2026-08-11 04-30-30 [INFO]    [Selenium - LinkedIn] Clicked 'Load More' button.
2026-08-11 04-30-34 [INFO]    [Selenium - LinkedIn] Clicked 'Load More' button.
2026-08-11 04-30-34 [INFO]    [Fetch Summary] raw=390 | saved=12 | never_fetched=0
2026-08-11 04-30-34 [INFO] [eJobs Category Summary] 'productie': raw=390 saved=12 lost=378
2026-08-11 04-30-34 [INFO]    [eJobs Filter] Queued 'productie' for DB save (12 jobs).
2026-08-11 04-30-34 [INFO]    [Cooldown - eJobs] Pausing 8s before next eJobs category...
2026-08-11 04-30-34 [INFO] [SQL Database] Done! Out of 12 filtered jobs, 12 were NEW and successfully saved.
2026-08-11 04-30-38 [INFO]    [Selenium - LinkedIn] Clicked 'Load More' button.
2026-08-11 04-30-42 [INFO]    [Selenium - LinkedIn] Clicked 'Load More' button.
2026-08-11 04-30-47 [INFO]    [Selenium - LinkedIn] Clicked 'Load More' button.
2026-08-11 04-30-51 [INFO]    [Selenium - LinkedIn] Clicked 'Load More' button.
2026-08-11 04-30-55 [INFO]    [Selenium - LinkedIn] Clicked 'Load More' button.
2026-08-11 04-30-59 [INFO]    [Selenium - LinkedIn] Clicked 'Load More' button.
2026-08-11 04-31-03 [INFO]    [Selenium - LinkedIn] Clicked 'Load More' button.
2026-08-11 04-31-07 [INFO]    [Selenium - LinkedIn] Clicked 'Load More' button.
2026-08-11 04-31-11 [INFO]    [Selenium - LinkedIn] Clicked 'Load More' button.
2026-08-11 04-31-15 [INFO]    [Selenium - LinkedIn] Clicked 'Load More' button.
2026-08-11 04-31-19 [INFO]    [Selenium - LinkedIn] Clicked 'Load More' button.
2026-08-11 04-31-23 [INFO]    [Selenium - LinkedIn] Clicked 'Load More' button.
2026-08-11 04-31-25 [INFO]    [Selenium - LinkedIn] End of jobs reached after 22 scrolls. Stopping.
2026-08-11 04-31-25 [INFO]    [LinkedIn] Parsing job cards for 'Testing'...
2026-08-11 04-31-25 [INFO] [Soup - LinkedIn] Found 265 raw job cards.
2026-08-11 04-31-25 [INFO] 🔥 Starting async processing for 262 raw LinkedIn jobs in 'Testing'...
2026-08-11 04-38-56 [INFO]    [Parser Engine - LinkedIn] Analyzing descriptions for fetched pages...
2026-08-11 04-39-11 [INFO]    [LinkedIn Filter] Queued 'Testing' for DB save (202 jobs).
2026-08-11 04-39-11 [INFO]    [Cooldown - LinkedIn] Pausing 10s before next LinkedIn category...
2026-08-11 04-39-11 [INFO] [SQL Database] Done! Out of 202 filtered jobs, 202 were NEW and successfully saved.
2026-08-11 04-39-21 [INFO] 
🚀 Switching to LinkedIn category: AUTOMATION 🚀
2026-08-11 04-39-21 [INFO]    [LinkedIn] Fetching HTML content for 'Automation'...
2026-08-11 04-39-24 [INFO]    [Selenium - LinkedIn] Starting scroll down loop to load jobs...
2026-08-11 04-39-40 [INFO]    [Selenium - LinkedIn] Clicked 'Load More' button.
2026-08-11 04-39-44 [INFO]    [Selenium - LinkedIn] Clicked 'Load More' button.
2026-08-11 04-39-48 [INFO]    [Selenium - LinkedIn] Clicked 'Load More' button.
2026-08-11 04-39-52 [INFO]    [Selenium - LinkedIn] Clicked 'Load More' button.
2026-08-11 04-39-56 [INFO]    [Selenium - LinkedIn] Clicked 'Load More' button.
2026-08-11 04-40-00 [INFO]    [Selenium - LinkedIn] Clicked 'Load More' button.
2026-08-11 04-40-04 [INFO]    [Selenium - LinkedIn] Clicked 'Load More' button.
2026-08-11 04-40-08 [INFO]    [Selenium - LinkedIn] Clicked 'Load More' button.
2026-08-11 04-40-12 [INFO]    [Selenium - LinkedIn] Clicked 'Load More' button.
2026-08-11 04-40-16 [INFO]    [Selenium - LinkedIn] Clicked 'Load More' button.
2026-08-11 04-40-20 [INFO]    [Selenium - LinkedIn] Clicked 'Load More' button.
2026-08-11 04-40-24 [INFO]    [Selenium - LinkedIn] Clicked 'Load More' button.
2026-08-11 04-40-29 [INFO]    [Selenium - LinkedIn] Clicked 'Load More' button.
2026-08-11 04-40-31 [INFO]    [Selenium - LinkedIn] End of jobs reached after 20 scrolls. Stopping.
2026-08-11 04-40-31 [INFO]    [LinkedIn] Parsing job cards for 'Automation'...
2026-08-11 04-40-31 [INFO] [Soup - LinkedIn] Found 246 raw job cards.
2026-08-11 04-40-31 [INFO] 🔥 Starting async processing for 244 raw LinkedIn jobs in 'Automation'...
2026-08-11 04-47-24 [INFO]    [Parser Engine - LinkedIn] Analyzing descriptions for fetched pages...
2026-08-11 04-47-38 [INFO]    [LinkedIn Filter] Queued 'Automation' for DB save (194 jobs).
2026-08-11 04-47-38 [INFO]    [Cooldown - LinkedIn] Pausing 10s before next LinkedIn category...
2026-08-11 04-47-38 [INFO] [SQL Database] Done! Out of 194 filtered jobs, 194 were NEW and successfully saved.
2026-08-11 04-47-48 [INFO] 
🚀 Switching to LinkedIn category: IT 🚀
2026-08-11 04-47-48 [INFO]    [LinkedIn] Fetching HTML content for 'IT'...
2026-08-11 04-47-51 [INFO]    [Selenium - LinkedIn] Starting scroll down loop to load jobs...
2026-08-11 04-48-07 [INFO]    [Selenium - LinkedIn] Clicked 'Load More' button.
2026-08-11 04-48-11 [INFO]    [Selenium - LinkedIn] Clicked 'Load More' button.
2026-08-11 04-48-15 [INFO]    [Selenium - LinkedIn] Clicked 'Load More' button.
2026-08-11 04-48-19 [INFO]    [Selenium - LinkedIn] Clicked 'Load More' button.
2026-08-11 04-48-23 [INFO]    [Selenium - LinkedIn] Clicked 'Load More' button.
2026-08-11 04-48-27 [INFO]    [Selenium - LinkedIn] Clicked 'Load More' button.
2026-08-11 04-48-31 [INFO]    [Selenium - LinkedIn] Clicked 'Load More' button.
2026-08-11 04-48-35 [INFO]    [Selenium - LinkedIn] Clicked 'Load More' button.
2026-08-11 04-48-37 [INFO]    [Selenium - LinkedIn] End of jobs reached after 15 scrolls. Stopping.
2026-08-11 04-48-37 [INFO]    [LinkedIn] Parsing job cards for 'IT'...
2026-08-11 04-48-37 [INFO] [Soup - LinkedIn] Found 197 raw job cards.
2026-08-11 04-48-37 [INFO] 🔥 Starting async processing for 192 raw LinkedIn jobs in 'IT'...
2026-08-11 04-54-08 [INFO]    [Parser Engine - LinkedIn] Analyzing descriptions for fetched pages...
2026-08-11 04-54-19 [INFO]    [LinkedIn Filter] Queued 'IT' for DB save (135 jobs).
2026-08-11 04-54-19 [INFO]    [Cooldown - LinkedIn] Pausing 10s before next LinkedIn category...
2026-08-11 04-54-19 [INFO] [SQL Database] Done! Out of 135 filtered jobs, 135 were NEW and successfully saved.
2026-08-11 04-54-29 [INFO] 
[DB Queue] Waiting for all pending database writes to complete...
2026-08-11 04-54-29 [INFO] 
Total IT jobs saved during this run: 3863
2026-08-11 04-54-29 [INFO] 
[Checker] Starting verification of active jobs for expiration...
2026-08-11 04-54-29 [INFO] [Checker] No active jobs found in the database to verify.
2026-08-11 04-54-30 [INFO] [Telegram] Notification sent successfully!
2026-08-11 04-54-30 [INFO] 
========================================
2026-08-11 04-54-30 [INFO]    📊 ACTIVE JOB MARKET REPORT 📊   
2026-08-11 04-54-30 [INFO] ========================================
2026-08-11 04-54-30 [INFO]  CLOUD : 1244 jobs
2026-08-11 04-54-30 [INFO]  PYTHON : 908 jobs
2026-08-11 04-54-30 [INFO]  CI/CD : 882 jobs
2026-08-11 04-54-30 [INFO]  SQL : 829 jobs
2026-08-11 04-54-30 [INFO]  AWS : 646 jobs
2026-08-11 04-54-30 [INFO]  AZURE : 640 jobs
2026-08-11 04-54-30 [INFO]  JAVA : 602 jobs
2026-08-11 04-54-30 [INFO]  KUBERNETES : 575 jobs
2026-08-11 04-54-30 [INFO]  DOCKER : 567 jobs
2026-08-11 04-54-30 [INFO]  GIT : 526 jobs
2026-08-11 04-54-30 [INFO]  JAVASCRIPT : 406 jobs
2026-08-11 04-54-30 [INFO]  GO : 338 jobs
2026-08-11 04-54-30 [INFO]  TYPESCRIPT : 336 jobs
2026-08-11 04-54-30 [INFO]  GITHUB : 335 jobs
2026-08-11 04-54-30 [INFO]  TERRAFORM : 328 jobs
2026-08-11 04-54-30 [INFO]  REACT : 321 jobs
2026-08-11 04-54-30 [INFO]  POSTGRESQL : 284 jobs
2026-08-11 04-54-30 [INFO]  GCP : 282 jobs
2026-08-11 04-54-30 [INFO]  GITLAB : 252 jobs
2026-08-11 04-54-30 [INFO]  C# : 232 jobs
2026-08-11 04-54-30 [INFO]  SPRING : 230 jobs
2026-08-11 04-54-30 [INFO]  ORACLE : 227 jobs
2026-08-11 04-54-30 [INFO]  BASH : 216 jobs
2026-08-11 04-54-30 [INFO]  .NET : 207 jobs
2026-08-11 04-54-30 [INFO]  ANGULAR : 206 jobs
2026-08-11 04-54-30 [INFO]  KAFKA : 198 jobs
2026-08-11 04-54-30 [INFO]  GRAFANA : 186 jobs
2026-08-11 04-54-30 [INFO]  C++ : 166 jobs
2026-08-11 04-54-30 [INFO]  ANSIBLE : 160 jobs
2026-08-11 04-54-30 [INFO]  NODE : 158 jobs
2026-08-11 04-54-30 [INFO]  MYSQL : 156 jobs
2026-08-11 04-54-30 [INFO]  PROMETHEUS : 144 jobs
2026-08-11 04-54-30 [INFO]  CYBERSECURITY : 141 jobs
2026-08-11 04-54-30 [INFO]  DATABRICKS : 115 jobs
2026-08-11 04-54-30 [INFO]  MONGODB : 112 jobs
2026-08-11 04-54-30 [INFO]  SELENIUM : 103 jobs
2026-08-11 04-54-30 [INFO]  PLAYWRIGHT : 103 jobs
2026-08-11 04-54-30 [INFO]  SPARK : 98 jobs
2026-08-11 04-54-30 [INFO]  PHP : 96 jobs
2026-08-11 04-54-30 [INFO]  REDIS : 95 jobs
2026-08-11 04-54-30 [INFO]  POSTMAN : 91 jobs
2026-08-11 04-54-30 [INFO]  LUA : 90 jobs
2026-08-11 04-54-30 [INFO]  HELM : 84 jobs
2026-08-11 04-54-30 [INFO]  VUE : 76 jobs
2026-08-11 04-54-30 [INFO]  LAMBDA : 74 jobs
2026-08-11 04-54-30 [INFO]  AIRFLOW : 72 jobs
2026-08-11 04-54-30 [INFO]  SERVERLESS : 71 jobs
2026-08-11 04-54-30 [INFO]  EXPRESS : 70 jobs
2026-08-11 04-54-30 [INFO]  OPENSHIFT : 64 jobs
2026-08-11 04-54-30 [INFO]  CYPRESS : 61 jobs
2026-08-11 04-54-30 [INFO]  GRAPHQL : 59 jobs
2026-08-11 04-54-30 [INFO]  KOTLIN : 57 jobs
2026-08-11 04-54-30 [INFO]  ENCRYPTION : 55 jobs
2026-08-11 04-54-30 [INFO]  ASP.NET : 53 jobs
2026-08-11 04-54-30 [INFO]  DYNAMODB : 50 jobs
2026-08-11 04-54-30 [INFO]  HIBERNATE : 48 jobs
2026-08-11 04-54-30 [INFO]  OPENAI : 48 jobs
2026-08-11 04-54-30 [INFO]  GOLANG : 45 jobs
2026-08-11 04-54-30 [INFO]  FASTAPI : 44 jobs
2026-08-11 04-54-30 [INFO]  DJANGO : 43 jobs
2026-08-11 04-54-30 [INFO]  JMETER : 42 jobs
2026-08-11 04-54-30 [INFO]  OAUTH : 38 jobs
2026-08-11 04-54-30 [INFO]  ELASTICSEARCH : 37 jobs
2026-08-11 04-54-30 [INFO]  BITBUCKET : 36 jobs
2026-08-11 04-54-30 [INFO]  CASSANDRA : 35 jobs
2026-08-11 04-54-30 [INFO]  RUBY : 34 jobs
2026-08-11 04-54-30 [INFO]  SCALA : 34 jobs
2026-08-11 04-54-30 [INFO]  PANDAS : 34 jobs
2026-08-11 04-54-30 [INFO]  NEXT.JS : 34 jobs
2026-08-11 04-54-30 [INFO]  REACT NATIVE : 31 jobs
2026-08-11 04-54-30 [INFO]  LANGCHAIN : 29 jobs
2026-08-11 04-54-30 [INFO]  POSTGRES : 29 jobs
2026-08-11 04-54-30 [INFO]  PYTORCH : 26 jobs
2026-08-11 04-54-30 [INFO]  JWT : 26 jobs
2026-08-11 04-54-30 [INFO]  OWASP : 25 jobs
2026-08-11 04-54-30 [INFO]  WORDPRESS : 24 jobs
2026-08-11 04-54-30 [INFO]  FLASK : 23 jobs
2026-08-11 04-54-30 [INFO]  RUST : 23 jobs
2026-08-11 04-54-30 [INFO]  FLUTTER : 22 jobs
2026-08-11 04-54-30 [INFO]  TENSORFLOW : 21 jobs
2026-08-11 04-54-30 [INFO]  PENETRATION TESTING : 18 jobs
2026-08-11 04-54-30 [INFO]  HADOOP : 18 jobs
2026-08-11 04-54-30 [INFO]  TAILWIND : 15 jobs
2026-08-11 04-54-30 [INFO]  NUMPY : 13 jobs
2026-08-11 04-54-30 [INFO]  PODMAN : 11 jobs
2026-08-11 04-54-30 [INFO]  WIRESHARK : 8 jobs
2026-08-11 04-54-30 [INFO]   SVELTE : 5 jobs
2026-08-11 04-54-30 [INFO]  IONIC : 2 jobs
2026-08-11 04-54-30 [INFO]  SQLSERVER : 2 jobs
2026-08-11 04-54-30 [INFO]  SOLIDITY : 2 jobs
2026-08-11 04-54-30 [INFO]  MONGO : 2 jobs
2026-08-11 04-54-30 [INFO]  NUXT.JS : 1 jobs
2026-08-11 04-54-30 [INFO]  DOTNET : 1 jobs
2026-08-11 04-54-30 [INFO] ========================================

2026-08-11 04-54-30 [INFO] ========================================
2026-08-11 04-54-30 [INFO]    🏢 WORK MODE DISTRIBUTION 🏢   
2026-08-11 04-54-30 [INFO] ========================================
2026-08-11 04-54-30 [INFO]  🤝 HYBRID : 536 jobs
2026-08-11 04-54-30 [INFO]  🏢 ON-SITE : 1566 jobs
2026-08-11 04-54-30 [INFO]  🏠 REMOTE : 455 jobs
2026-08-11 04-54-30 [INFO] 
========================================
2026-08-11 04-54-30 [INFO]    📊 EXPERIENCE LEVEL DISTRIBUTION 📊   
2026-08-11 04-54-30 [INFO] ========================================
2026-08-11 04-54-30 [INFO]  📊Entry-Level (< 2 ani) : 330 jobs
2026-08-11 04-54-30 [INFO]  📊Mid-Level (2-5 ani) : 1040 jobs
2026-08-11 04-54-30 [INFO]  📊Senior-Level (> 5 ani) : 871 jobs
2026-08-11 04-54-30 [INFO]  📊Unknown : 316 jobs
2026-08-11 04-54-30 [INFO] ========================================
2026-08-12 03-01-54 [INFO] [SQL Database] Initialized successfully. Table "jobs" is ready.
2026-08-12 03-01-54 [INFO] Starting Fully Parallel Multi-Platform Scraping Process...
2026-08-12 03-01-54 [INFO] 
🚀 Switching to eJobs category: IT-SOFTWARE 🚀
2026-08-12 03-01-55 [INFO]    [eJobs] Loading page 1 for it-software...
2026-08-12 03-01-55 [INFO] 
🚀 Switching to BestJobs category: IT 🚀
2026-08-12 03-01-55 [INFO]    [BestJobs] Fetching HTML content for 'it'...
2026-08-12 03-01-55 [INFO] 
🚀 Switching to LinkedIn category: SOFTWARE 🚀
2026-08-12 03-01-55 [INFO]    [LinkedIn] Fetching HTML content for 'Software'...
2026-08-12 03-02-00 [INFO]       [Selenium - eJobs] Incremental scroll to 1500px (1/7)...
2026-08-12 03-02-00 [INFO]    [Selenium - LinkedIn] Starting scroll down loop to load jobs...
2026-08-12 03-02-01 [INFO]       [Selenium - eJobs] Incremental scroll to 3000px (2/7)...
2026-08-12 03-02-02 [INFO]    [Selenium - BestJobs] Starting progressive manual scroll and click loop...
2026-08-12 03-02-02 [INFO]       [Selenium - eJobs] Incremental scroll to 4500px (3/7)...
2026-08-12 03-02-03 [INFO]       [Selenium - eJobs] Incremental scroll to 6000px (4/7)...
2026-08-12 03-02-04 [INFO]       [Selenium - eJobs] Incremental scroll to 7500px (5/7)...
2026-08-12 03-02-06 [INFO]    [Selenium - BestJobs] Clicked 'Load more' (1/50). Loading next batch...
2026-08-12 03-02-06 [INFO]       [Selenium - eJobs] Incremental scroll to 9000px (6/7)...
2026-08-12 03-02-07 [INFO]       [Selenium - eJobs] Incremental scroll to 10500px (7/7)...
2026-08-12 03-02-10 [INFO]    [Selenium - BestJobs] Clicked 'Load more' (2/50). Loading next batch...
2026-08-12 03-02-10 [INFO]    [eJobs] Loading page 2 for it-software...
2026-08-12 03-02-12 [INFO]       [Selenium - eJobs] Incremental scroll to 1500px (1/7)...
2026-08-12 03-02-13 [INFO]       [Selenium - eJobs] Incremental scroll to 3000px (2/7)...
2026-08-12 03-02-14 [INFO]       [Selenium - eJobs] Incremental scroll to 4500px (3/7)...
2026-08-12 03-02-15 [INFO]    [Selenium - BestJobs] Clicked 'Load more' (3/50). Loading next batch...
2026-08-12 03-02-15 [INFO]       [Selenium - eJobs] Incremental scroll to 6000px (4/7)...
2026-08-12 03-02-17 [INFO]       [Selenium - eJobs] Incremental scroll to 7500px (5/7)...
2026-08-12 03-02-17 [INFO]    [Selenium - LinkedIn] Clicked 'Load More' button.
2026-08-12 03-02-18 [INFO]       [Selenium - eJobs] Incremental scroll to 9000px (6/7)...
2026-08-12 03-02-19 [INFO]       [Selenium - eJobs] Incremental scroll to 10500px (7/7)...
2026-08-12 03-02-19 [INFO]    [Selenium - BestJobs] Clicked 'Load more' (4/50). Loading next batch...
2026-08-12 03-02-21 [INFO]    [Selenium - LinkedIn] Clicked 'Load More' button.
2026-08-12 03-02-22 [INFO]    [eJobs] Loading page 3 for it-software...
2026-08-12 03-02-24 [INFO]    [Selenium - BestJobs] Clicked 'Load more' (5/50). Loading next batch...
2026-08-12 03-02-24 [INFO]       [Selenium - eJobs] Incremental scroll to 1500px (1/7)...
2026-08-12 03-02-25 [INFO]    [Selenium - LinkedIn] Clicked 'Load More' button.
2026-08-12 03-02-25 [INFO]       [Selenium - eJobs] Incremental scroll to 3000px (2/7)...
2026-08-12 03-02-26 [INFO]       [Selenium - eJobs] Incremental scroll to 4500px (3/7)...
2026-08-12 03-02-28 [INFO]       [Selenium - eJobs] Incremental scroll to 6000px (4/7)...
2026-08-12 03-02-29 [INFO]    [Selenium - BestJobs] Clicked 'Load more' (6/50). Loading next batch...
2026-08-12 03-02-29 [INFO]       [Selenium - eJobs] Incremental scroll to 7500px (5/7)...
2026-08-12 03-02-29 [INFO]    [Selenium - LinkedIn] Clicked 'Load More' button.
2026-08-12 03-02-30 [INFO]       [Selenium - eJobs] Incremental scroll to 9000px (6/7)...
2026-08-12 03-02-31 [INFO]       [Selenium - eJobs] Incremental scroll to 10500px (7/7)...
2026-08-12 03-02-33 [INFO]    [Selenium - LinkedIn] Clicked 'Load More' button.
2026-08-12 03-02-34 [INFO]    [Selenium - BestJobs] Clicked 'Load more' (7/50). Loading next batch...
2026-08-12 03-02-35 [INFO]    [eJobs] Loading page 4 for it-software...
2026-08-12 03-02-36 [INFO]       [Selenium - eJobs] Incremental scroll to 1500px (1/7)...
2026-08-12 03-02-37 [INFO]    [Selenium - LinkedIn] Clicked 'Load More' button.
2026-08-12 03-02-37 [INFO]       [Selenium - eJobs] Incremental scroll to 3000px (2/7)...
2026-08-12 03-02-39 [INFO]       [Selenium - eJobs] Incremental scroll to 4500px (3/7)...
2026-08-12 03-02-40 [INFO]    [Selenium - BestJobs] Clicked 'Load more' (8/50). Loading next batch...
2026-08-12 03-02-40 [INFO]       [Selenium - eJobs] Incremental scroll to 6000px (4/7)...
2026-08-12 03-02-41 [INFO]       [Selenium - eJobs] Incremental scroll to 7500px (5/7)...
2026-08-12 03-02-41 [INFO]    [Selenium - LinkedIn] Clicked 'Load More' button.
2026-08-12 03-02-42 [INFO]       [Selenium - eJobs] Incremental scroll to 9000px (6/7)...
2026-08-12 03-02-43 [INFO]       [Selenium - eJobs] Incremental scroll to 10500px (7/7)...
2026-08-12 03-02-45 [INFO]    [Selenium - LinkedIn] Clicked 'Load More' button.
2026-08-12 03-02-45 [INFO]    [Selenium - BestJobs] Clicked 'Load more' (9/50). Loading next batch...
2026-08-12 03-02-47 [INFO]    [eJobs] Loading page 5 for it-software...
2026-08-12 03-02-48 [INFO]       [Selenium - eJobs] Incremental scroll to 1500px (1/7)...
2026-08-12 03-02-49 [INFO]    [Selenium - LinkedIn] Clicked 'Load More' button.
2026-08-12 03-02-49 [INFO]       [Selenium - eJobs] Incremental scroll to 3000px (2/7)...
2026-08-12 03-02-51 [INFO]       [Selenium - eJobs] Incremental scroll to 4500px (3/7)...
2026-08-12 03-02-51 [INFO]    [Selenium - BestJobs] Clicked 'Load more' (10/50). Loading next batch...
2026-08-12 03-02-52 [INFO]       [Selenium - eJobs] Incremental scroll to 6000px (4/7)...
2026-08-12 03-02-53 [INFO]       [Selenium - eJobs] Incremental scroll to 7500px (5/7)...
2026-08-12 03-02-53 [INFO]    [Selenium - LinkedIn] Clicked 'Load More' button.
2026-08-12 03-02-54 [INFO]       [Selenium - eJobs] Incremental scroll to 9000px (6/7)...
2026-08-12 03-02-55 [INFO]       [Selenium - eJobs] Incremental scroll to 10500px (7/7)...
2026-08-12 03-02-57 [INFO]    [Selenium - LinkedIn] Clicked 'Load More' button.
2026-08-12 03-02-58 [INFO]    [Selenium - BestJobs] Clicked 'Load more' (11/50). Loading next batch...
2026-08-12 03-02-59 [INFO]    [eJobs] Loading page 6 for it-software...
2026-08-12 03-03-01 [INFO]       [Selenium - eJobs] Incremental scroll to 1500px (1/7)...
2026-08-12 03-03-01 [INFO]    [Selenium - LinkedIn] Clicked 'Load More' button.
2026-08-12 03-03-02 [INFO]       [Selenium - eJobs] Incremental scroll to 3000px (2/7)...
2026-08-12 03-03-04 [INFO]       [Selenium - eJobs] Incremental scroll to 4500px (3/7)...
2026-08-12 03-03-05 [INFO]    [Selenium - BestJobs] Clicked 'Load more' (12/50). Loading next batch...
2026-08-12 03-03-05 [INFO]       [Selenium - eJobs] Incremental scroll to 6000px (4/7)...
2026-08-12 03-03-05 [INFO]    [Selenium - LinkedIn] Clicked 'Load More' button.
2026-08-12 03-03-06 [INFO]       [Selenium - eJobs] Incremental scroll to 7500px (5/7)...
2026-08-12 03-03-07 [INFO]       [Selenium - eJobs] Incremental scroll to 9000px (6/7)...
2026-08-12 03-03-09 [INFO]       [Selenium - eJobs] Incremental scroll to 10500px (7/7)...
2026-08-12 03-03-09 [INFO]    [Selenium - LinkedIn] Clicked 'Load More' button.
2026-08-12 03-03-11 [INFO]    [Selenium - BestJobs] Clicked 'Load more' (13/50). Loading next batch...
2026-08-12 03-03-12 [INFO]    [eJobs] Loading page 7 for it-software...
2026-08-12 03-03-13 [INFO]    [Selenium - LinkedIn] Clicked 'Load More' button.
2026-08-12 03-03-15 [INFO]       [Selenium - eJobs] Incremental scroll to 1500px (1/7)...
2026-08-12 03-03-16 [INFO]       [Selenium - eJobs] Incremental scroll to 3000px (2/7)...
2026-08-12 03-03-17 [INFO]       [Selenium - eJobs] Incremental scroll to 4500px (3/7)...
2026-08-12 03-03-18 [INFO]    [Selenium - LinkedIn] Clicked 'Load More' button.
2026-08-12 03-03-18 [INFO]       [Selenium - eJobs] Incremental scroll to 6000px (4/7)...
2026-08-12 03-03-18 [INFO]    [Selenium - BestJobs] Clicked 'Load more' (14/50). Loading next batch...
2026-08-12 03-03-19 [INFO]       [Selenium - eJobs] Incremental scroll to 7500px (5/7)...
2026-08-12 03-03-21 [INFO]       [Selenium - eJobs] Incremental scroll to 9000px (6/7)...
2026-08-12 03-03-22 [INFO]    [Selenium - LinkedIn] Clicked 'Load More' button.
2026-08-12 03-03-22 [INFO]       [Selenium - eJobs] Incremental scroll to 10500px (7/7)...
2026-08-12 03-03-25 [INFO]    [Selenium - BestJobs] Clicked 'Load more' (15/50). Loading next batch...
2026-08-12 03-03-25 [INFO]    [eJobs] Loading page 8 for it-software...
2026-08-12 03-03-26 [INFO]    [Selenium - LinkedIn] Clicked 'Load More' button.
2026-08-12 03-03-27 [INFO]       [Selenium - eJobs] Incremental scroll to 1500px (1/7)...
2026-08-12 03-03-28 [INFO]       [Selenium - eJobs] Incremental scroll to 3000px (2/7)...
2026-08-12 03-03-29 [INFO]       [Selenium - eJobs] Incremental scroll to 4500px (3/7)...
2026-08-12 03-03-30 [INFO]    [Selenium - LinkedIn] Clicked 'Load More' button.
2026-08-12 03-03-31 [INFO]       [Selenium - eJobs] Incremental scroll to 6000px (4/7)...
2026-08-12 03-03-32 [INFO]       [Selenium - eJobs] Incremental scroll to 7500px (5/7)...
2026-08-12 03-03-33 [INFO]    [Selenium - BestJobs] Clicked 'Load more' (16/50). Loading next batch...
2026-08-12 03-03-33 [INFO]       [Selenium - eJobs] Incremental scroll to 9000px (6/7)...
2026-08-12 03-03-34 [INFO]    [Selenium - LinkedIn] Clicked 'Load More' button.
2026-08-12 03-03-34 [INFO]       [Selenium - eJobs] Incremental scroll to 10500px (7/7)...
2026-08-12 03-03-38 [INFO]    [eJobs] Loading page 9 for it-software...
2026-08-12 03-03-38 [INFO]    [Selenium - LinkedIn] Clicked 'Load More' button.
2026-08-12 03-03-39 [INFO]       [Selenium - eJobs] Incremental scroll to 1500px (1/7)...
2026-08-12 03-03-40 [INFO]       [Selenium - eJobs] Incremental scroll to 3000px (2/7)...
2026-08-12 03-03-41 [INFO]    [Selenium - BestJobs] Clicked 'Load more' (17/50). Loading next batch...
2026-08-12 03-03-41 [INFO]       [Selenium - eJobs] Incremental scroll to 4500px (3/7)...
2026-08-12 03-03-42 [INFO]    [Selenium - LinkedIn] Clicked 'Load More' button.
2026-08-12 03-03-43 [INFO]       [Selenium - eJobs] Incremental scroll to 6000px (4/7)...
2026-08-12 03-03-44 [INFO]       [Selenium - eJobs] Incremental scroll to 7500px (5/7)...
2026-08-12 03-03-45 [INFO]       [Selenium - eJobs] Incremental scroll to 9000px (6/7)...
2026-08-12 03-03-46 [INFO]    [Selenium - LinkedIn] Clicked 'Load More' button.
2026-08-12 03-03-46 [INFO]       [Selenium - eJobs] Incremental scroll to 10500px (7/7)...
2026-08-12 03-03-47 [INFO]    [eJobs] No jobs found on page 9. Reached end of category it-software.
2026-08-12 03-03-47 [INFO]    [Session - eJobs] Captured 6 cookies + real UA from the browser session for category 'it-software'.
2026-08-12 03-03-48 [INFO] 🔥 Starting async processing for 229 raw eJobs jobs in 'it-software'...
2026-08-12 03-03-48 [INFO]    [Session Reuse] Using 6 cookies from Selenium, over a curl_cffi client impersonating Chrome at the TLS/HTTP2 level.
2026-08-12 03-03-49 [INFO]    [Selenium - BestJobs] Clicked 'Load more' (18/50). Loading next batch...
2026-08-12 03-03-50 [INFO]    [Selenium - LinkedIn] Clicked 'Load More' button.
2026-08-12 03-03-52 [INFO]    [Selenium - LinkedIn] End of jobs reached after 31 scrolls. Stopping.
2026-08-12 03-03-52 [INFO]    [LinkedIn] Parsing job cards for 'Software'...
2026-08-12 03-03-53 [INFO] [Soup - LinkedIn] Found 360 raw job cards.
2026-08-12 03-03-53 [INFO] 🔥 Starting async processing for 359 raw LinkedIn jobs in 'Software'...
2026-08-12 03-03-57 [INFO]    [Selenium - BestJobs] Clicked 'Load more' (19/50). Loading next batch...
2026-08-12 03-04-05 [INFO]    [Selenium - BestJobs] Clicked 'Load more' (20/50). Loading next batch...
2026-08-12 03-04-14 [INFO]    [Selenium - BestJobs] Clicked 'Load more' (21/50). Loading next batch...
2026-08-12 03-04-23 [INFO]    [Selenium - BestJobs] Clicked 'Load more' (22/50). Loading next batch...
2026-08-12 03-04-32 [INFO]    [Selenium - BestJobs] Clicked 'Load more' (23/50). Loading next batch...
2026-08-12 03-04-41 [INFO]    [Selenium - BestJobs] Clicked 'Load more' (24/50). Loading next batch...
2026-08-12 03-04-51 [INFO]    [Selenium - BestJobs] Clicked 'Load more' (25/50). Loading next batch...
2026-08-12 03-05-02 [INFO]    [Selenium - BestJobs] Clicked 'Load more' (26/50). Loading next batch...
2026-08-12 03-05-12 [INFO]    [Selenium - BestJobs] Clicked 'Load more' (27/50). Loading next batch...
2026-08-12 03-05-24 [INFO]    [Selenium - BestJobs] Clicked 'Load more' (28/50). Loading next batch...
2026-08-12 03-05-35 [INFO]    [Selenium - BestJobs] Clicked 'Load more' (29/50). Loading next batch...
2026-08-12 03-05-46 [INFO]    [Selenium - BestJobs] Clicked 'Load more' (30/50). Loading next batch...
2026-08-12 03-05-59 [INFO]    [Selenium - BestJobs] Clicked 'Load more' (31/50). Loading next batch...
2026-08-12 03-06-11 [INFO]    [Selenium - BestJobs] Clicked 'Load more' (32/50). Loading next batch...
2026-08-12 03-06-22 [INFO]    [Selenium - BestJobs] Clicked 'Load more' (33/50). Loading next batch...
2026-08-12 03-06-35 [INFO]    [Selenium - BestJobs] Clicked 'Load more' (34/50). Loading next batch...
2026-08-12 03-06-49 [INFO]    [Selenium - BestJobs] Clicked 'Load more' (35/50). Loading next batch...
2026-08-12 03-07-02 [INFO]    [Selenium - BestJobs] Clicked 'Load more' (36/50). Loading next batch...
2026-08-12 03-07-16 [INFO]    [Selenium - BestJobs] Clicked 'Load more' (37/50). Loading next batch...
2026-08-12 03-07-29 [INFO]    [Selenium - BestJobs] Clicked 'Load more' (38/50). Loading next batch...
2026-08-12 03-07-44 [INFO]    [Selenium - BestJobs] Clicked 'Load more' (39/50). Loading next batch...
2026-08-12 03-07-59 [INFO]    [Selenium - BestJobs] Clicked 'Load more' (40/50). Loading next batch...
2026-08-12 03-08-14 [INFO]    [Selenium - BestJobs] Clicked 'Load more' (41/50). Loading next batch...
2026-08-12 03-08-29 [INFO]    [Selenium - BestJobs] Clicked 'Load more' (42/50). Loading next batch...
2026-08-12 03-08-46 [INFO]    [Selenium - BestJobs] Clicked 'Load more' (43/50). Loading next batch...
2026-08-12 03-09-03 [INFO]    [Selenium - BestJobs] Clicked 'Load more' (44/50). Loading next batch...
2026-08-12 03-09-19 [INFO]    [Selenium - BestJobs] Clicked 'Load more' (45/50). Loading next batch...
2026-08-12 03-09-35 [INFO]    [Selenium - BestJobs] Clicked 'Load more' (46/50). Loading next batch...
2026-08-12 03-09-48 [INFO]    [Selenium - BestJobs] Clicked 'Load more' (47/50). Loading next batch...
2026-08-12 03-10-02 [INFO]    [Selenium - BestJobs] Clicked 'Load more' (48/50). Loading next batch...
2026-08-12 03-10-16 [INFO]    [Selenium - BestJobs] Clicked 'Load more' (49/50). Loading next batch...
2026-08-12 03-10-29 [INFO]    [Selenium - BestJobs] Clicked 'Load more' (50/50). Loading next batch...
2026-08-12 03-10-33 [INFO] 
[Soup - BestJobs] Total jobs loaded after deep scroll: 1125 !
2026-08-12 03-10-35 [INFO] 🔥 Starting async processing for 1028 raw BestJobs jobs in 'it'...
2026-08-12 03-14-00 [INFO]    [Parser Engine - LinkedIn] Analyzing descriptions for fetched pages...
2026-08-12 03-14-25 [INFO]    [LinkedIn Filter] Queued 'Software' for DB save (331 jobs).
2026-08-12 03-14-25 [INFO]    [Cooldown - LinkedIn] Pausing 10s before next LinkedIn category...
2026-08-12 03-14-25 [INFO] [SQL Database] Done! Out of 331 filtered jobs, 331 were NEW and successfully saved.
2026-08-12 03-14-25 [ERROR] [curl_cffi Error] Failed to perform, curl: (28) Operation timed out after 25514 milliseconds with 0 bytes received. See https://curl.se/libcurl/c/libcurl-errors.html first for more details. for URL: https://www.bestjobs.eu/loc-de-munca/plm-system-administrtor
2026-08-12 03-14-25 [ERROR] [curl_cffi Error] Failed to perform, curl: (28) Operation timed out after 25499 milliseconds with 21287 out of 399779 bytes received. See https://curl.se/libcurl/c/libcurl-errors.html first for more details. for URL: https://www.bestjobs.eu/loc-de-munca/it-technician-67
2026-08-12 03-14-25 [ERROR] [curl_cffi Error] Failed to perform, curl: (28) Operation timed out after 25426 milliseconds with 0 bytes received. See https://curl.se/libcurl/c/libcurl-errors.html first for more details. for URL: https://www.ejobs.ro/user/locuri-de-munca/odorhei-software-development-summer-internship-has-started/1977209
2026-08-12 03-14-35 [INFO] 
🚀 Switching to LinkedIn category: BACKEND 🚀
2026-08-12 03-14-35 [INFO]    [LinkedIn] Fetching HTML content for 'Backend'...
2026-08-12 03-14-38 [INFO]    [Selenium - LinkedIn] Starting scroll down loop to load jobs...
2026-08-12 03-14-54 [INFO]    [Selenium - LinkedIn] Clicked 'Load More' button.
2026-08-12 03-14-58 [INFO]    [Selenium - LinkedIn] Clicked 'Load More' button.
2026-08-12 03-15-02 [INFO]    [Selenium - LinkedIn] Clicked 'Load More' button.
2026-08-12 03-15-06 [INFO]    [Selenium - LinkedIn] Clicked 'Load More' button.
2026-08-12 03-15-10 [INFO]    [Selenium - LinkedIn] Clicked 'Load More' button.
2026-08-12 03-15-14 [INFO]    [Selenium - LinkedIn] Clicked 'Load More' button.
2026-08-12 03-15-18 [INFO]    [Selenium - LinkedIn] Clicked 'Load More' button.
2026-08-12 03-15-22 [INFO]    [Selenium - LinkedIn] Clicked 'Load More' button.
2026-08-12 03-15-26 [INFO]    [Selenium - LinkedIn] Clicked 'Load More' button.
2026-08-12 03-15-30 [INFO]    [Selenium - LinkedIn] Clicked 'Load More' button.
2026-08-12 03-15-34 [INFO]    [Selenium - LinkedIn] Clicked 'Load More' button.
2026-08-12 03-15-38 [WARNING]    [Retry Round 1] Re-attempting 1 jobs. Cooling down 15s...
2026-08-12 03-15-38 [INFO]    [Selenium - LinkedIn] Clicked 'Load More' button.
2026-08-12 03-15-43 [INFO]    [Selenium - LinkedIn] Clicked 'Load More' button.
2026-08-12 03-15-47 [INFO]    [Selenium - LinkedIn] Clicked 'Load More' button.
2026-08-12 03-15-51 [INFO]    [Selenium - LinkedIn] Clicked 'Load More' button.
2026-08-12 03-15-55 [INFO]    [Selenium - LinkedIn] Clicked 'Load More' button.
2026-08-12 03-15-56 [INFO]    [Parser Engine - eJobs] Starting analytical parsing for 229 fetched pages...
2026-08-12 03-15-59 [INFO]    [Selenium - LinkedIn] Clicked 'Load More' button.
2026-08-12 03-16-03 [INFO]    [Fetch Summary] raw=229 | saved=118 | never_fetched=0
2026-08-12 03-16-03 [INFO] [eJobs Category Summary] 'it-software': raw=229 saved=118 lost=111
2026-08-12 03-16-03 [INFO]    [eJobs Filter] Queued 'it-software' for DB save (118 jobs).
2026-08-12 03-16-03 [INFO]    [Cooldown - eJobs] Pausing 8s before next eJobs category...
2026-08-12 03-16-03 [INFO] [SQL Database] Done! Out of 118 filtered jobs, 118 were NEW and successfully saved.
2026-08-12 03-16-03 [INFO]    [Selenium - LinkedIn] Clicked 'Load More' button.
2026-08-12 03-16-07 [INFO]    [Selenium - LinkedIn] Clicked 'Load More' button.
2026-08-12 03-16-08 [INFO] 
🚀 Switching to eJobs category: INTERNET-E-COMMERCE 🚀
2026-08-12 03-16-08 [INFO]    [eJobs] Loading page 1 for internet-e-commerce...
2026-08-12 03-16-10 [INFO]       [Selenium - eJobs] Incremental scroll to 1500px (1/7)...
2026-08-12 03-16-11 [INFO]    [Selenium - LinkedIn] Clicked 'Load More' button.
2026-08-12 03-16-11 [INFO]       [Selenium - eJobs] Incremental scroll to 3000px (2/7)...
2026-08-12 03-16-12 [INFO]       [Selenium - eJobs] Incremental scroll to 4500px (3/7)...
2026-08-12 03-16-14 [INFO]       [Selenium - eJobs] Incremental scroll to 6000px (4/7)...
2026-08-12 03-16-15 [INFO]       [Selenium - eJobs] Incremental scroll to 7500px (5/7)...
2026-08-12 03-16-15 [INFO]    [Selenium - LinkedIn] Clicked 'Load More' button.
2026-08-12 03-16-16 [INFO]       [Selenium - eJobs] Incremental scroll to 9000px (6/7)...
2026-08-12 03-16-17 [INFO]       [Selenium - eJobs] Incremental scroll to 10500px (7/7)...
2026-08-12 03-16-19 [INFO]    [Selenium - LinkedIn] Clicked 'Load More' button.
2026-08-12 03-16-21 [INFO]    [eJobs] Loading page 2 for internet-e-commerce...
2026-08-12 03-16-22 [INFO]       [Selenium - eJobs] Incremental scroll to 1500px (1/7)...
2026-08-12 03-16-23 [INFO]    [Selenium - LinkedIn] Clicked 'Load More' button.
2026-08-12 03-16-24 [INFO]       [Selenium - eJobs] Incremental scroll to 3000px (2/7)...
2026-08-12 03-16-25 [INFO]       [Selenium - eJobs] Incremental scroll to 4500px (3/7)...
2026-08-12 03-16-26 [INFO]       [Selenium - eJobs] Incremental scroll to 6000px (4/7)...
2026-08-12 03-16-27 [INFO]    [Selenium - LinkedIn] Clicked 'Load More' button.
2026-08-12 03-16-27 [INFO]       [Selenium - eJobs] Incremental scroll to 7500px (5/7)...
2026-08-12 03-16-28 [INFO]       [Selenium - eJobs] Incremental scroll to 9000px (6/7)...
2026-08-12 03-16-30 [INFO]       [Selenium - eJobs] Incremental scroll to 10500px (7/7)...
2026-08-12 03-16-31 [INFO]    [Selenium - LinkedIn] Clicked 'Load More' button.
2026-08-12 03-16-33 [INFO]    [eJobs] Loading page 3 for internet-e-commerce...
2026-08-12 03-16-35 [INFO]       [Selenium - eJobs] Incremental scroll to 1500px (1/7)...
2026-08-12 03-16-35 [INFO]    [Selenium - LinkedIn] Clicked 'Load More' button.
2026-08-12 03-16-36 [INFO]       [Selenium - eJobs] Incremental scroll to 3000px (2/7)...
2026-08-12 03-16-37 [INFO]       [Selenium - eJobs] Incremental scroll to 4500px (3/7)...
2026-08-12 03-16-38 [INFO]       [Selenium - eJobs] Incremental scroll to 6000px (4/7)...
2026-08-12 03-16-39 [INFO]    [Selenium - LinkedIn] Clicked 'Load More' button.
2026-08-12 03-16-40 [INFO]       [Selenium - eJobs] Incremental scroll to 7500px (5/7)...
2026-08-12 03-16-41 [INFO]       [Selenium - eJobs] Incremental scroll to 9000px (6/7)...
2026-08-12 03-16-42 [INFO]       [Selenium - eJobs] Incremental scroll to 10500px (7/7)...
2026-08-12 03-16-43 [INFO]    [Selenium - LinkedIn] Clicked 'Load More' button.
2026-08-12 03-16-45 [INFO]    [eJobs] Loading page 4 for internet-e-commerce...
2026-08-12 03-16-47 [INFO]       [Selenium - eJobs] Incremental scroll to 1500px (1/7)...
2026-08-12 03-16-47 [INFO]    [Selenium - LinkedIn] Clicked 'Load More' button.
2026-08-12 03-16-48 [INFO]       [Selenium - eJobs] Incremental scroll to 3000px (2/7)...
2026-08-12 03-16-49 [INFO]       [Selenium - eJobs] Incremental scroll to 4500px (3/7)...
2026-08-12 03-16-51 [INFO]       [Selenium - eJobs] Incremental scroll to 6000px (4/7)...
2026-08-12 03-16-51 [INFO]    [Selenium - LinkedIn] Clicked 'Load More' button.
2026-08-12 03-16-52 [INFO]       [Selenium - eJobs] Incremental scroll to 7500px (5/7)...
2026-08-12 03-16-53 [INFO]       [Selenium - eJobs] Incremental scroll to 9000px (6/7)...
2026-08-12 03-16-54 [INFO]       [Selenium - eJobs] Incremental scroll to 10500px (7/7)...
2026-08-12 03-16-55 [INFO]    [Selenium - LinkedIn] Clicked 'Load More' button.
2026-08-12 03-16-58 [INFO]    [eJobs] Loading page 5 for internet-e-commerce...
2026-08-12 03-16-59 [INFO]       [Selenium - eJobs] Incremental scroll to 1500px (1/7)...
2026-08-12 03-16-59 [INFO]    [Selenium - LinkedIn] Clicked 'Load More' button.
2026-08-12 03-17-01 [INFO]       [Selenium - eJobs] Incremental scroll to 3000px (2/7)...
2026-08-12 03-17-02 [INFO]       [Selenium - eJobs] Incremental scroll to 4500px (3/7)...
2026-08-12 03-17-03 [INFO]       [Selenium - eJobs] Incremental scroll to 6000px (4/7)...
2026-08-12 03-17-04 [INFO]    [Selenium - LinkedIn] Clicked 'Load More' button.
2026-08-12 03-17-04 [INFO]       [Selenium - eJobs] Incremental scroll to 7500px (5/7)...
2026-08-12 03-17-05 [INFO]       [Selenium - eJobs] Incremental scroll to 9000px (6/7)...
2026-08-12 03-17-07 [INFO]       [Selenium - eJobs] Incremental scroll to 10500px (7/7)...
2026-08-12 03-17-08 [INFO]    [Selenium - LinkedIn] Clicked 'Load More' button.
2026-08-12 03-17-08 [INFO]    [Selenium - LinkedIn] End of jobs reached after 40 scrolls. Stopping.
2026-08-12 03-17-08 [INFO]    [LinkedIn] Parsing job cards for 'Backend'...
2026-08-12 03-17-08 [INFO] [Soup - LinkedIn] Found 450 raw job cards.
2026-08-12 03-17-08 [INFO] 🔥 Starting async processing for 449 raw LinkedIn jobs in 'Backend'...
2026-08-12 03-17-10 [INFO]    [eJobs] Loading page 6 for internet-e-commerce...
2026-08-12 03-17-13 [INFO]       [Selenium - eJobs] Incremental scroll to 1500px (1/7)...
2026-08-12 03-17-14 [INFO]       [Selenium - eJobs] Incremental scroll to 3000px (2/7)...
2026-08-12 03-17-15 [INFO]       [Selenium - eJobs] Incremental scroll to 4500px (3/7)...
2026-08-12 03-17-17 [INFO]       [Selenium - eJobs] Incremental scroll to 6000px (4/7)...
2026-08-12 03-17-18 [INFO]       [Selenium - eJobs] Incremental scroll to 7500px (5/7)...
2026-08-12 03-17-19 [INFO]       [Selenium - eJobs] Incremental scroll to 9000px (6/7)...
2026-08-12 03-17-20 [INFO]       [Selenium - eJobs] Incremental scroll to 10500px (7/7)...
2026-08-12 03-17-24 [INFO]    [eJobs] Loading page 7 for internet-e-commerce...
2026-08-12 03-17-25 [INFO]       [Selenium - eJobs] Incremental scroll to 1500px (1/7)...
2026-08-12 03-17-26 [INFO]       [Selenium - eJobs] Incremental scroll to 3000px (2/7)...
2026-08-12 03-17-28 [INFO]       [Selenium - eJobs] Incremental scroll to 4500px (3/7)...
2026-08-12 03-17-29 [INFO]       [Selenium - eJobs] Incremental scroll to 6000px (4/7)...
2026-08-12 03-17-30 [INFO]       [Selenium - eJobs] Incremental scroll to 7500px (5/7)...
2026-08-12 03-17-31 [INFO]       [Selenium - eJobs] Incremental scroll to 9000px (6/7)...
2026-08-12 03-17-32 [INFO]       [Selenium - eJobs] Incremental scroll to 10500px (7/7)...
2026-08-12 03-17-36 [INFO]    [eJobs] Loading page 8 for internet-e-commerce...
2026-08-12 03-17-37 [INFO]       [Selenium - eJobs] Incremental scroll to 1500px (1/7)...
2026-08-12 03-17-39 [INFO]       [Selenium - eJobs] Incremental scroll to 3000px (2/7)...
2026-08-12 03-17-40 [INFO]       [Selenium - eJobs] Incremental scroll to 4500px (3/7)...
2026-08-12 03-17-41 [INFO]       [Selenium - eJobs] Incremental scroll to 6000px (4/7)...
2026-08-12 03-17-42 [INFO]       [Selenium - eJobs] Incremental scroll to 7500px (5/7)...
2026-08-12 03-17-43 [INFO]       [Selenium - eJobs] Incremental scroll to 9000px (6/7)...
2026-08-12 03-17-45 [INFO]       [Selenium - eJobs] Incremental scroll to 10500px (7/7)...
2026-08-12 03-17-48 [INFO]    [eJobs] Loading page 9 for internet-e-commerce...
2026-08-12 03-17-50 [INFO]       [Selenium - eJobs] Incremental scroll to 1500px (1/7)...
2026-08-12 03-17-51 [INFO]       [Selenium - eJobs] Incremental scroll to 3000px (2/7)...
2026-08-12 03-17-52 [INFO]       [Selenium - eJobs] Incremental scroll to 4500px (3/7)...
2026-08-12 03-17-53 [INFO]       [Selenium - eJobs] Incremental scroll to 6000px (4/7)...
2026-08-12 03-17-55 [INFO]       [Selenium - eJobs] Incremental scroll to 7500px (5/7)...
2026-08-12 03-17-56 [INFO]       [Selenium - eJobs] Incremental scroll to 9000px (6/7)...
2026-08-12 03-17-57 [INFO]       [Selenium - eJobs] Incremental scroll to 10500px (7/7)...
2026-08-12 03-18-00 [INFO]    [eJobs] Loading page 10 for internet-e-commerce...
2026-08-12 03-18-02 [INFO]       [Selenium - eJobs] Incremental scroll to 1500px (1/7)...
2026-08-12 03-18-03 [INFO]       [Selenium - eJobs] Incremental scroll to 3000px (2/7)...
2026-08-12 03-18-04 [INFO]       [Selenium - eJobs] Incremental scroll to 4500px (3/7)...
2026-08-12 03-18-05 [INFO]       [Selenium - eJobs] Incremental scroll to 6000px (4/7)...
2026-08-12 03-18-07 [INFO]       [Selenium - eJobs] Incremental scroll to 7500px (5/7)...
2026-08-12 03-18-08 [INFO]       [Selenium - eJobs] Incremental scroll to 9000px (6/7)...
2026-08-12 03-18-09 [INFO]       [Selenium - eJobs] Incremental scroll to 10500px (7/7)...
2026-08-12 03-18-12 [INFO]    [eJobs] Loading page 11 for internet-e-commerce...
2026-08-12 03-18-14 [INFO]       [Selenium - eJobs] Incremental scroll to 1500px (1/7)...
2026-08-12 03-18-15 [INFO]       [Selenium - eJobs] Incremental scroll to 3000px (2/7)...
2026-08-12 03-18-16 [INFO]       [Selenium - eJobs] Incremental scroll to 4500px (3/7)...
2026-08-12 03-18-18 [INFO]       [Selenium - eJobs] Incremental scroll to 6000px (4/7)...
2026-08-12 03-18-19 [INFO]       [Selenium - eJobs] Incremental scroll to 7500px (5/7)...
2026-08-12 03-18-20 [INFO]       [Selenium - eJobs] Incremental scroll to 9000px (6/7)...
2026-08-12 03-18-21 [INFO]       [Selenium - eJobs] Incremental scroll to 10500px (7/7)...
2026-08-12 03-18-25 [INFO]    [eJobs] Loading page 12 for internet-e-commerce...
2026-08-12 03-18-26 [INFO]       [Selenium - eJobs] Incremental scroll to 1500px (1/7)...
2026-08-12 03-18-27 [INFO]       [Selenium - eJobs] Incremental scroll to 3000px (2/7)...
2026-08-12 03-18-28 [INFO]       [Selenium - eJobs] Incremental scroll to 4500px (3/7)...
2026-08-12 03-18-30 [INFO]       [Selenium - eJobs] Incremental scroll to 6000px (4/7)...
2026-08-12 03-18-31 [INFO]       [Selenium - eJobs] Incremental scroll to 7500px (5/7)...
2026-08-12 03-18-32 [INFO]       [Selenium - eJobs] Incremental scroll to 9000px (6/7)...
2026-08-12 03-18-33 [INFO]       [Selenium - eJobs] Incremental scroll to 10500px (7/7)...
2026-08-12 03-18-37 [INFO]    [eJobs] Loading page 13 for internet-e-commerce...
2026-08-12 03-18-37 [INFO]       [Selenium - eJobs] Incremental scroll to 1500px (1/7)...
2026-08-12 03-18-39 [INFO]       [Selenium - eJobs] Incremental scroll to 3000px (2/7)...
2026-08-12 03-18-40 [INFO]       [Selenium - eJobs] Incremental scroll to 4500px (3/7)...
2026-08-12 03-18-41 [INFO]       [Selenium - eJobs] Incremental scroll to 6000px (4/7)...
2026-08-12 03-18-42 [INFO]       [Selenium - eJobs] Incremental scroll to 7500px (5/7)...
2026-08-12 03-18-44 [INFO]       [Selenium - eJobs] Incremental scroll to 9000px (6/7)...
2026-08-12 03-18-45 [INFO]       [Selenium - eJobs] Incremental scroll to 10500px (7/7)...
2026-08-12 03-18-46 [INFO]    [eJobs] No jobs found on page 13. Reached end of category internet-e-commerce.
2026-08-12 03-18-46 [INFO]    [Session - eJobs] Captured 6 cookies + real UA from the browser session for category 'internet-e-commerce'.
2026-08-12 03-18-46 [INFO] 🔥 Starting async processing for 272 raw eJobs jobs in 'internet-e-commerce'...
2026-08-12 03-18-46 [INFO]    [Session Reuse] Using 6 cookies from Selenium, over a curl_cffi client impersonating Chrome at the TLS/HTTP2 level.
2026-08-12 03-23-27 [WARNING]    [Retry Round 1] Re-attempting 2 jobs. Cooling down 15s...
2026-08-12 03-23-47 [INFO]    [Parser Engine - BestJobs] Starting analytical parsing for 1028 fetched pages...
2026-08-12 03-24-05 [INFO]    [BestJobs Filter] Queued 'it' for DB save (643 jobs).
2026-08-12 03-24-05 [INFO] 
🚀 Switching to BestJobs category: TELECOM 🚀
2026-08-12 03-24-05 [INFO]    [BestJobs] Fetching HTML content for 'telecom'...
2026-08-12 03-24-05 [INFO] [SQL Database] Done! Out of 643 filtered jobs, 643 were NEW and successfully saved.
2026-08-12 03-24-09 [INFO]    [Selenium - BestJobs] Starting progressive manual scroll and click loop...
2026-08-12 03-24-13 [INFO]    [Selenium - BestJobs] Clicked 'Load more' (1/50). Loading next batch...
2026-08-12 03-24-17 [INFO]    [Selenium - BestJobs] Clicked 'Load more' (2/50). Loading next batch...
2026-08-12 03-24-22 [INFO]    [Selenium - BestJobs] Clicked 'Load more' (3/50). Loading next batch...
2026-08-12 03-24-26 [INFO]    [Selenium - BestJobs] Clicked 'Load more' (4/50). Loading next batch...
2026-08-12 03-24-31 [INFO]    [Selenium - BestJobs] Clicked 'Load more' (5/50). Loading next batch...
2026-08-12 03-24-36 [INFO]    [Selenium - BestJobs] Clicked 'Load more' (6/50). Loading next batch...
2026-08-12 03-24-41 [INFO]    [Selenium - BestJobs] Clicked 'Load more' (7/50). Loading next batch...
2026-08-12 03-24-46 [INFO]    [Selenium - BestJobs] Clicked 'Load more' (8/50). Loading next batch...
2026-08-12 03-24-52 [INFO]    [Selenium - BestJobs] Clicked 'Load more' (9/50). Loading next batch...
2026-08-12 03-24-58 [INFO]    [Selenium - BestJobs] Clicked 'Load more' (10/50). Loading next batch...
2026-08-12 03-25-03 [INFO]    [Selenium - BestJobs] Clicked 'Load more' (11/50). Loading next batch...
2026-08-12 03-25-09 [INFO]    [Selenium - BestJobs] Clicked 'Load more' (12/50). Loading next batch...
2026-08-12 03-25-15 [INFO]    [Selenium - BestJobs] Clicked 'Load more' (13/50). Loading next batch...
2026-08-12 03-25-20 [INFO]    [Selenium - BestJobs] Clicked 'Load more' (14/50). Loading next batch...
2026-08-12 03-25-26 [INFO]    [Selenium - BestJobs] Clicked 'Load more' (15/50). Loading next batch...
2026-08-12 03-25-32 [INFO]    [Selenium - BestJobs] Clicked 'Load more' (16/50). Loading next batch...
2026-08-12 03-25-37 [INFO]    [Selenium - BestJobs] Clicked 'Load more' (17/50). Loading next batch...
2026-08-12 03-25-42 [INFO]    [Selenium - BestJobs] Clicked 'Load more' (18/50). Loading next batch...
2026-08-12 03-25-48 [INFO]    [Selenium - BestJobs] Clicked 'Load more' (19/50). Loading next batch...
2026-08-12 03-25-53 [INFO]    [Selenium - BestJobs] Clicked 'Load more' (20/50). Loading next batch...
2026-08-12 03-25-59 [INFO]    [Selenium - BestJobs] Clicked 'Load more' (21/50). Loading next batch...
2026-08-12 03-26-05 [INFO]    [Selenium - BestJobs] Clicked 'Load more' (22/50). Loading next batch...
2026-08-12 03-26-10 [INFO]    [Selenium - BestJobs] Clicked 'Load more' (23/50). Loading next batch...
2026-08-12 03-26-16 [INFO]    [Selenium - BestJobs] Clicked 'Load more' (24/50). Loading next batch...
2026-08-12 03-26-21 [INFO]    [Selenium - BestJobs] Clicked 'Load more' (25/50). Loading next batch...
2026-08-12 03-26-26 [INFO]    [Selenium - BestJobs] Clicked 'Load more' (26/50). Loading next batch...
2026-08-12 03-26-32 [INFO]    [Selenium - BestJobs] Clicked 'Load more' (27/50). Loading next batch...
2026-08-12 03-26-38 [INFO]    [Selenium - BestJobs] Clicked 'Load more' (28/50). Loading next batch...
2026-08-12 03-26-43 [INFO]    [Selenium - BestJobs] Clicked 'Load more' (29/50). Loading next batch...
2026-08-12 03-26-48 [INFO]    [Selenium - BestJobs] Clicked 'Load more' (30/50). Loading next batch...
2026-08-12 03-26-54 [INFO]    [Selenium - BestJobs] Clicked 'Load more' (31/50). Loading next batch...
2026-08-12 03-26-59 [INFO]    [Selenium - BestJobs] Clicked 'Load more' (32/50). Loading next batch...
2026-08-12 03-27-05 [INFO]    [Selenium - BestJobs] Clicked 'Load more' (33/50). Loading next batch...
2026-08-12 03-27-11 [INFO]    [Selenium - BestJobs] Clicked 'Load more' (34/50). Loading next batch...
2026-08-12 03-27-16 [INFO]    [Selenium - BestJobs] Clicked 'Load more' (35/50). Loading next batch...
2026-08-12 03-27-22 [INFO]    [Selenium - BestJobs] Clicked 'Load more' (36/50). Loading next batch...
2026-08-12 03-27-27 [INFO]    [Selenium - BestJobs] Clicked 'Load more' (37/50). Loading next batch...
2026-08-12 03-27-32 [INFO]    [Selenium - BestJobs] Clicked 'Load more' (38/50). Loading next batch...
2026-08-12 03-27-38 [INFO]    [Selenium - BestJobs] Clicked 'Load more' (39/50). Loading next batch...
2026-08-12 03-27-43 [INFO]    [Selenium - BestJobs] Clicked 'Load more' (40/50). Loading next batch...
2026-08-12 03-27-49 [INFO]    [Selenium - BestJobs] Clicked 'Load more' (41/50). Loading next batch...
2026-08-12 03-27-54 [INFO]    [Selenium - BestJobs] Clicked 'Load more' (42/50). Loading next batch...
2026-08-12 03-28-00 [INFO]    [Selenium - BestJobs] Clicked 'Load more' (43/50). Loading next batch...
2026-08-12 03-28-05 [INFO]    [Selenium - BestJobs] Clicked 'Load more' (44/50). Loading next batch...
2026-08-12 03-28-11 [INFO]    [Selenium - BestJobs] Clicked 'Load more' (45/50). Loading next batch...
2026-08-12 03-28-12 [WARNING] [Rate Limit 429 - curl_cffi] Blocked on: https://ro.linkedin.com/jobs/view/senior-java-developer-with-ai-at-bluematrix-4440134567
2026-08-12 03-28-16 [INFO]    [Selenium - BestJobs] Clicked 'Load more' (46/50). Loading next batch...
2026-08-12 03-28-22 [INFO]    [Selenium - BestJobs] Clicked 'Load more' (47/50). Loading next batch...
2026-08-12 03-28-27 [INFO]    [Selenium - BestJobs] Clicked 'Load more' (48/50). Loading next batch...
2026-08-12 03-28-33 [INFO]    [Selenium - BestJobs] Clicked 'Load more' (49/50). Loading next batch...
2026-08-12 03-28-39 [INFO]    [Selenium - BestJobs] Clicked 'Load more' (50/50). Loading next batch...
2026-08-12 03-28-40 [INFO] 
[Soup - BestJobs] Total jobs loaded after deep scroll: 308 !
2026-08-12 03-28-41 [INFO] 🔥 Starting async processing for 243 raw BestJobs jobs in 'telecom'...
2026-08-12 03-30-04 [WARNING]    [Retry Round 1] Re-attempting 1 jobs. Cooling down 15s...
2026-08-12 03-30-23 [INFO]    [Parser Engine - LinkedIn] Analyzing descriptions for fetched pages...
2026-08-12 03-30-54 [INFO]    [LinkedIn Filter] Queued 'Backend' for DB save (442 jobs).
2026-08-12 03-30-54 [INFO]    [Cooldown - LinkedIn] Pausing 10s before next LinkedIn category...
2026-08-12 03-30-54 [INFO] [SQL Database] Done! Out of 442 filtered jobs, 442 were NEW and successfully saved.
2026-08-12 03-30-54 [ERROR] [curl_cffi Error] Failed to perform, curl: (28) Operation timed out after 31355 milliseconds with 0 bytes received. See https://curl.se/libcurl/c/libcurl-errors.html first for more details. for URL: https://www.bestjobs.eu/loc-de-munca/debug-fault-finding-engineer-7
2026-08-12 03-31-04 [INFO] 
🚀 Switching to LinkedIn category: FRONTEND 🚀
2026-08-12 03-31-04 [INFO]    [LinkedIn] Fetching HTML content for 'Frontend'...
2026-08-12 03-31-07 [INFO]    [Selenium - LinkedIn] Starting scroll down loop to load jobs...
2026-08-12 03-31-23 [INFO]    [Selenium - LinkedIn] Clicked 'Load More' button.
2026-08-12 03-31-27 [INFO]    [Selenium - LinkedIn] Clicked 'Load More' button.
2026-08-12 03-31-31 [INFO]    [Selenium - LinkedIn] Clicked 'Load More' button.
2026-08-12 03-31-35 [INFO]    [Selenium - LinkedIn] Clicked 'Load More' button.
2026-08-12 03-31-39 [INFO]    [Selenium - LinkedIn] Clicked 'Load More' button.
2026-08-12 03-31-43 [INFO]    [Selenium - LinkedIn] Clicked 'Load More' button.
2026-08-12 03-31-47 [INFO]    [Selenium - LinkedIn] Clicked 'Load More' button.
2026-08-12 03-31-51 [INFO]    [Selenium - LinkedIn] Clicked 'Load More' button.
2026-08-12 03-31-55 [INFO]    [Selenium - LinkedIn] Clicked 'Load More' button.
2026-08-12 03-31-59 [INFO]    [Selenium - LinkedIn] Clicked 'Load More' button.
2026-08-12 03-32-04 [INFO]    [Selenium - LinkedIn] Clicked 'Load More' button.
2026-08-12 03-32-08 [INFO]    [Selenium - LinkedIn] Clicked 'Load More' button.
2026-08-12 03-32-10 [INFO]    [Selenium - LinkedIn] End of jobs reached after 19 scrolls. Stopping.
2026-08-12 03-32-10 [INFO]    [LinkedIn] Parsing job cards for 'Frontend'...
2026-08-12 03-32-10 [INFO] [Soup - LinkedIn] Found 239 raw job cards.
2026-08-12 03-32-10 [INFO] 🔥 Starting async processing for 239 raw LinkedIn jobs in 'Frontend'...
2026-08-12 03-32-24 [WARNING]    [Retry Round 1] Re-attempting 1 jobs. Cooling down 15s...
2026-08-12 03-32-43 [INFO]    [Parser Engine - BestJobs] Starting analytical parsing for 243 fetched pages...
2026-08-12 03-32-47 [INFO]    [BestJobs Filter] Queued 'telecom' for DB save (95 jobs).
2026-08-12 03-32-47 [INFO] 
🚀 Switching to BestJobs category: ENGINEERING 🚀
2026-08-12 03-32-47 [INFO]    [BestJobs] Fetching HTML content for 'engineering'...
2026-08-12 03-32-47 [INFO] [SQL Database] Done! Out of 95 filtered jobs, 95 were NEW and successfully saved.
2026-08-12 03-32-51 [INFO]    [Selenium - BestJobs] Starting progressive manual scroll and click loop...
2026-08-12 03-32-54 [INFO]    [Selenium - BestJobs] Clicked 'Load more' (1/50). Loading next batch...
2026-08-12 03-32-58 [INFO]    [Selenium - BestJobs] Clicked 'Load more' (2/50). Loading next batch...
2026-08-12 03-33-03 [INFO]    [Selenium - BestJobs] Clicked 'Load more' (3/50). Loading next batch...
2026-08-12 03-33-07 [INFO]    [Selenium - BestJobs] Clicked 'Load more' (4/50). Loading next batch...
2026-08-12 03-33-12 [INFO]    [Selenium - BestJobs] Clicked 'Load more' (5/50). Loading next batch...
2026-08-12 03-33-17 [INFO]    [Selenium - BestJobs] Clicked 'Load more' (6/50). Loading next batch...
2026-08-12 03-33-22 [INFO]    [Selenium - BestJobs] Clicked 'Load more' (7/50). Loading next batch...
2026-08-12 03-33-24 [INFO]    [Parser Engine - eJobs] Starting analytical parsing for 272 fetched pages...
2026-08-12 03-33-27 [INFO]    [Selenium - BestJobs] Clicked 'Load more' (8/50). Loading next batch...
2026-08-12 03-33-32 [INFO]    [Fetch Summary] raw=272 | saved=17 | never_fetched=0
2026-08-12 03-33-32 [INFO] [eJobs Category Summary] 'internet-e-commerce': raw=272 saved=17 lost=255
2026-08-12 03-33-32 [INFO]    [eJobs Filter] Queued 'internet-e-commerce' for DB save (17 jobs).
2026-08-12 03-33-32 [INFO]    [Cooldown - eJobs] Pausing 8s before next eJobs category...
2026-08-12 03-33-32 [INFO] [SQL Database] Done! Out of 17 filtered jobs, 17 were NEW and successfully saved.
2026-08-12 03-33-33 [INFO]    [Selenium - BestJobs] Clicked 'Load more' (9/50). Loading next batch...
2026-08-12 03-33-37 [INFO] 
🚀 Switching to eJobs category: IT-HARDWARE 🚀
2026-08-12 03-33-38 [INFO]    [eJobs] Loading page 1 for it-hardware...
2026-08-12 03-33-39 [INFO]    [Selenium - BestJobs] Clicked 'Load more' (10/50). Loading next batch...
2026-08-12 03-33-41 [INFO]       [Selenium - eJobs] Incremental scroll to 1500px (1/7)...
2026-08-12 03-33-42 [INFO]       [Selenium - eJobs] Incremental scroll to 3000px (2/7)...
2026-08-12 03-33-43 [INFO]       [Selenium - eJobs] Incremental scroll to 4500px (3/7)...
2026-08-12 03-33-44 [INFO]       [Selenium - eJobs] Incremental scroll to 6000px (4/7)...
2026-08-12 03-33-45 [INFO]    [Selenium - BestJobs] Clicked 'Load more' (11/50). Loading next batch...
2026-08-12 03-33-46 [INFO]       [Selenium - eJobs] Incremental scroll to 7500px (5/7)...
2026-08-12 03-33-47 [INFO]       [Selenium - eJobs] Incremental scroll to 9000px (6/7)...
2026-08-12 03-33-48 [INFO]       [Selenium - eJobs] Incremental scroll to 10500px (7/7)...
2026-08-12 03-33-51 [INFO]    [Selenium - BestJobs] Clicked 'Load more' (12/50). Loading next batch...
2026-08-12 03-33-51 [INFO]    [eJobs] Loading page 2 for it-hardware...
2026-08-12 03-33-53 [INFO]       [Selenium - eJobs] Incremental scroll to 1500px (1/7)...
2026-08-12 03-33-55 [INFO]       [Selenium - eJobs] Incremental scroll to 3000px (2/7)...
2026-08-12 03-33-56 [INFO]       [Selenium - eJobs] Incremental scroll to 4500px (3/7)...
2026-08-12 03-33-57 [INFO]       [Selenium - eJobs] Incremental scroll to 6000px (4/7)...
2026-08-12 03-33-58 [INFO]       [Selenium - eJobs] Incremental scroll to 7500px (5/7)...
2026-08-12 03-33-58 [INFO]    [Selenium - BestJobs] Clicked 'Load more' (13/50). Loading next batch...
2026-08-12 03-33-59 [INFO]       [Selenium - eJobs] Incremental scroll to 9000px (6/7)...
2026-08-12 03-34-01 [INFO]       [Selenium - eJobs] Incremental scroll to 10500px (7/7)...
2026-08-12 03-34-04 [INFO]    [eJobs] Loading page 3 for it-hardware...
2026-08-12 03-34-05 [INFO]    [Selenium - BestJobs] Clicked 'Load more' (14/50). Loading next batch...
2026-08-12 03-34-06 [INFO]       [Selenium - eJobs] Incremental scroll to 1500px (1/7)...
2026-08-12 03-34-07 [INFO]       [Selenium - eJobs] Incremental scroll to 3000px (2/7)...
2026-08-12 03-34-08 [INFO]       [Selenium - eJobs] Incremental scroll to 4500px (3/7)...
2026-08-12 03-34-09 [INFO]       [Selenium - eJobs] Incremental scroll to 6000px (4/7)...
2026-08-12 03-34-11 [INFO]       [Selenium - eJobs] Incremental scroll to 7500px (5/7)...
2026-08-12 03-34-12 [INFO]    [Selenium - BestJobs] Clicked 'Load more' (15/50). Loading next batch...
2026-08-12 03-34-12 [INFO]       [Selenium - eJobs] Incremental scroll to 9000px (6/7)...
2026-08-12 03-34-13 [INFO]       [Selenium - eJobs] Incremental scroll to 10500px (7/7)...
2026-08-12 03-34-16 [INFO]    [eJobs] Loading page 4 for it-hardware...
2026-08-12 03-34-18 [INFO]       [Selenium - eJobs] Incremental scroll to 1500px (1/7)...
2026-08-12 03-34-19 [INFO]    [Selenium - BestJobs] Clicked 'Load more' (16/50). Loading next batch...
2026-08-12 03-34-19 [INFO]       [Selenium - eJobs] Incremental scroll to 3000px (2/7)...
2026-08-12 03-34-21 [INFO]       [Selenium - eJobs] Incremental scroll to 4500px (3/7)...
2026-08-12 03-34-22 [INFO]       [Selenium - eJobs] Incremental scroll to 6000px (4/7)...
2026-08-12 03-34-23 [INFO]       [Selenium - eJobs] Incremental scroll to 7500px (5/7)...
2026-08-12 03-34-24 [INFO]       [Selenium - eJobs] Incremental scroll to 9000px (6/7)...
2026-08-12 03-34-25 [INFO]       [Selenium - eJobs] Incremental scroll to 10500px (7/7)...
2026-08-12 03-34-26 [INFO]    [Selenium - BestJobs] Clicked 'Load more' (17/50). Loading next batch...
2026-08-12 03-34-29 [INFO]    [eJobs] Loading page 5 for it-hardware...
2026-08-12 03-34-31 [INFO]       [Selenium - eJobs] Incremental scroll to 1500px (1/7)...
2026-08-12 03-34-32 [INFO]       [Selenium - eJobs] Incremental scroll to 3000px (2/7)...
2026-08-12 03-34-33 [INFO]       [Selenium - eJobs] Incremental scroll to 4500px (3/7)...
2026-08-12 03-34-34 [INFO]    [Selenium - BestJobs] Clicked 'Load more' (18/50). Loading next batch...
2026-08-12 03-34-34 [INFO]       [Selenium - eJobs] Incremental scroll to 6000px (4/7)...
2026-08-12 03-34-36 [INFO]       [Selenium - eJobs] Incremental scroll to 7500px (5/7)...
2026-08-12 03-34-37 [INFO]       [Selenium - eJobs] Incremental scroll to 9000px (6/7)...
2026-08-12 03-34-38 [INFO]       [Selenium - eJobs] Incremental scroll to 10500px (7/7)...
2026-08-12 03-34-42 [INFO]    [eJobs] Loading page 6 for it-hardware...
2026-08-12 03-34-43 [INFO]       [Selenium - eJobs] Incremental scroll to 1500px (1/7)...
2026-08-12 03-34-43 [INFO]    [Selenium - BestJobs] Clicked 'Load more' (19/50). Loading next batch...
2026-08-12 03-34-44 [INFO]       [Selenium - eJobs] Incremental scroll to 3000px (2/7)...
2026-08-12 03-34-46 [INFO]       [Selenium - eJobs] Incremental scroll to 4500px (3/7)...
2026-08-12 03-34-47 [INFO]       [Selenium - eJobs] Incremental scroll to 6000px (4/7)...
2026-08-12 03-34-48 [INFO]       [Selenium - eJobs] Incremental scroll to 7500px (5/7)...
2026-08-12 03-34-49 [INFO]       [Selenium - eJobs] Incremental scroll to 9000px (6/7)...
2026-08-12 03-34-50 [INFO]       [Selenium - eJobs] Incremental scroll to 10500px (7/7)...
2026-08-12 03-34-52 [INFO]    [eJobs] No jobs found on page 6. Reached end of category it-hardware.
2026-08-12 03-34-52 [INFO]    [Session - eJobs] Captured 6 cookies + real UA from the browser session for category 'it-hardware'.
2026-08-12 03-34-52 [INFO] 🔥 Starting async processing for 134 raw eJobs jobs in 'it-hardware'...
2026-08-12 03-34-52 [INFO]    [Session Reuse] Using 6 cookies from Selenium, over a curl_cffi client impersonating Chrome at the TLS/HTTP2 level.
2026-08-12 03-34-52 [INFO]    [Selenium - BestJobs] Clicked 'Load more' (20/50). Loading next batch...
2026-08-12 03-35-01 [INFO]    [Selenium - BestJobs] Clicked 'Load more' (21/50). Loading next batch...
2026-08-12 03-35-10 [INFO]    [Selenium - BestJobs] Clicked 'Load more' (22/50). Loading next batch...
2026-08-12 03-35-19 [INFO]    [Selenium - BestJobs] Clicked 'Load more' (23/50). Loading next batch...
2026-08-12 03-35-28 [INFO]    [Selenium - BestJobs] Clicked 'Load more' (24/50). Loading next batch...
2026-08-12 03-35-37 [INFO]    [Selenium - BestJobs] Clicked 'Load more' (25/50). Loading next batch...
2026-08-12 03-35-48 [INFO]    [Selenium - BestJobs] Clicked 'Load more' (26/50). Loading next batch...
2026-08-12 03-35-59 [INFO]    [Selenium - BestJobs] Clicked 'Load more' (27/50). Loading next batch...
2026-08-12 03-36-10 [INFO]    [Selenium - BestJobs] Clicked 'Load more' (28/50). Loading next batch...
2026-08-12 03-36-21 [INFO]    [Selenium - BestJobs] Clicked 'Load more' (29/50). Loading next batch...
2026-08-12 03-36-32 [INFO]    [Selenium - BestJobs] Clicked 'Load more' (30/50). Loading next batch...
2026-08-12 03-36-45 [INFO]    [Selenium - BestJobs] Clicked 'Load more' (31/50). Loading next batch...
2026-08-12 03-36-57 [INFO]    [Selenium - BestJobs] Clicked 'Load more' (32/50). Loading next batch...
2026-08-12 03-37-09 [INFO]    [Selenium - BestJobs] Clicked 'Load more' (33/50). Loading next batch...
2026-08-12 03-37-22 [INFO]    [Selenium - BestJobs] Clicked 'Load more' (34/50). Loading next batch...
2026-08-12 03-37-35 [INFO]    [Selenium - BestJobs] Clicked 'Load more' (35/50). Loading next batch...
2026-08-12 03-37-49 [INFO]    [Selenium - BestJobs] Clicked 'Load more' (36/50). Loading next batch...
2026-08-12 03-38-03 [INFO]    [Selenium - BestJobs] Clicked 'Load more' (37/50). Loading next batch...
2026-08-12 03-38-17 [INFO]    [Selenium - BestJobs] Clicked 'Load more' (38/50). Loading next batch...
2026-08-12 03-38-31 [INFO]    [Selenium - BestJobs] Clicked 'Load more' (39/50). Loading next batch...
2026-08-12 03-38-46 [INFO]    [Selenium - BestJobs] Clicked 'Load more' (40/50). Loading next batch...
2026-08-12 03-39-01 [INFO]    [Selenium - BestJobs] Clicked 'Load more' (41/50). Loading next batch...
2026-08-12 03-39-16 [INFO]    [Selenium - BestJobs] Clicked 'Load more' (42/50). Loading next batch...
2026-08-12 03-39-20 [INFO]    [Parser Engine - LinkedIn] Analyzing descriptions for fetched pages...
2026-08-12 03-39-32 [INFO]    [Selenium - BestJobs] Clicked 'Load more' (43/50). Loading next batch...
2026-08-12 03-39-38 [INFO]    [LinkedIn Filter] Queued 'Frontend' for DB save (232 jobs).
2026-08-12 03-39-38 [INFO]    [Cooldown - LinkedIn] Pausing 10s before next LinkedIn category...
2026-08-12 03-39-39 [INFO] [SQL Database] Done! Out of 232 filtered jobs, 232 were NEW and successfully saved.
2026-08-12 03-39-48 [INFO] 
🚀 Switching to LinkedIn category: FULL STACK 🚀
2026-08-12 03-39-48 [INFO]    [LinkedIn] Fetching HTML content for 'Full Stack'...
2026-08-12 03-39-51 [INFO]    [Selenium - LinkedIn] Starting scroll down loop to load jobs...
2026-08-12 03-39-51 [INFO]    [Selenium - BestJobs] Clicked 'Load more' (44/50). Loading next batch...
2026-08-12 03-40-08 [INFO]    [Selenium - BestJobs] Clicked 'Load more' (45/50). Loading next batch...
2026-08-12 03-40-08 [INFO]    [Selenium - LinkedIn] Clicked 'Load More' button.
2026-08-12 03-40-12 [INFO]    [Selenium - LinkedIn] Clicked 'Load More' button.
2026-08-12 03-40-16 [INFO]    [Selenium - LinkedIn] Clicked 'Load More' button.
2026-08-12 03-40-20 [INFO]    [Selenium - LinkedIn] Clicked 'Load More' button.
2026-08-12 03-40-24 [INFO]    [Selenium - LinkedIn] Clicked 'Load More' button.
2026-08-12 03-40-26 [INFO]    [Selenium - BestJobs] Clicked 'Load more' (46/50). Loading next batch...
2026-08-12 03-40-28 [INFO]    [Selenium - LinkedIn] Clicked 'Load More' button.
2026-08-12 03-40-32 [INFO]    [Selenium - LinkedIn] Clicked 'Load More' button.
2026-08-12 03-40-36 [INFO]    [Selenium - LinkedIn] Clicked 'Load More' button.
2026-08-12 03-40-40 [INFO]    [Selenium - LinkedIn] Clicked 'Load More' button.
2026-08-12 03-40-43 [INFO]    [Selenium - BestJobs] Clicked 'Load more' (47/50). Loading next batch...
2026-08-12 03-40-44 [INFO]    [Selenium - LinkedIn] Clicked 'Load More' button.
2026-08-12 03-40-48 [INFO]    [Selenium - LinkedIn] Clicked 'Load More' button.
2026-08-12 03-40-52 [INFO]    [Selenium - LinkedIn] Clicked 'Load More' button.
2026-08-12 03-40-57 [INFO]    [Selenium - LinkedIn] Clicked 'Load More' button.
2026-08-12 03-41-01 [INFO]    [Selenium - LinkedIn] Clicked 'Load More' button.
2026-08-12 03-41-01 [INFO]    [Selenium - BestJobs] Clicked 'Load more' (48/50). Loading next batch...
2026-08-12 03-41-03 [INFO]    [Selenium - LinkedIn] End of jobs reached after 21 scrolls. Stopping.
2026-08-12 03-41-03 [INFO]    [LinkedIn] Parsing job cards for 'Full Stack'...
2026-08-12 03-41-03 [INFO] [Soup - LinkedIn] Found 259 raw job cards.
2026-08-12 03-41-03 [INFO] 🔥 Starting async processing for 259 raw LinkedIn jobs in 'Full Stack'...
2026-08-12 03-41-18 [INFO]    [Selenium - BestJobs] Clicked 'Load more' (49/50). Loading next batch...
2026-08-12 03-41-37 [INFO]    [Selenium - BestJobs] Clicked 'Load more' (50/50). Loading next batch...
2026-08-12 03-41-43 [INFO] 
[Soup - BestJobs] Total jobs loaded after deep scroll: 1248 !
2026-08-12 03-41-45 [INFO] 🔥 Starting async processing for 1094 raw BestJobs jobs in 'engineering'...
2026-08-12 03-41-49 [INFO]    [Parser Engine - eJobs] Starting analytical parsing for 134 fetched pages...
2026-08-12 03-41-53 [INFO]    [Fetch Summary] raw=134 | saved=46 | never_fetched=0
2026-08-12 03-41-53 [INFO] [eJobs Category Summary] 'it-hardware': raw=134 saved=46 lost=88
2026-08-12 03-41-53 [INFO]    [eJobs Filter] Queued 'it-hardware' for DB save (46 jobs).
2026-08-12 03-41-53 [INFO]    [Cooldown - eJobs] Pausing 8s before next eJobs category...
2026-08-12 03-41-53 [INFO] [SQL Database] Done! Out of 46 filtered jobs, 46 were NEW and successfully saved.
2026-08-12 03-41-58 [INFO] 
🚀 Switching to eJobs category: TELECOMUNICATII 🚀
2026-08-12 03-41-59 [INFO]    [eJobs] Loading page 1 for telecomunicatii...
2026-08-12 03-42-01 [INFO]       [Selenium - eJobs] Incremental scroll to 1500px (1/7)...
2026-08-12 03-42-02 [INFO]       [Selenium - eJobs] Incremental scroll to 3000px (2/7)...
2026-08-12 03-42-03 [INFO]       [Selenium - eJobs] Incremental scroll to 4500px (3/7)...
2026-08-12 03-42-04 [INFO]       [Selenium - eJobs] Incremental scroll to 6000px (4/7)...
2026-08-12 03-42-05 [INFO]       [Selenium - eJobs] Incremental scroll to 7500px (5/7)...
2026-08-12 03-42-07 [INFO]       [Selenium - eJobs] Incremental scroll to 9000px (6/7)...
2026-08-12 03-42-08 [INFO]       [Selenium - eJobs] Incremental scroll to 10500px (7/7)...
2026-08-12 03-42-11 [INFO]    [eJobs] Loading page 2 for telecomunicatii...
2026-08-12 03-42-13 [INFO]       [Selenium - eJobs] Incremental scroll to 1500px (1/7)...
2026-08-12 03-42-14 [INFO]       [Selenium - eJobs] Incremental scroll to 3000px (2/7)...
2026-08-12 03-42-15 [INFO]       [Selenium - eJobs] Incremental scroll to 4500px (3/7)...
2026-08-12 03-42-16 [INFO]       [Selenium - eJobs] Incremental scroll to 6000px (4/7)...
2026-08-12 03-42-17 [INFO]       [Selenium - eJobs] Incremental scroll to 7500px (5/7)...
2026-08-12 03-42-19 [INFO]       [Selenium - eJobs] Incremental scroll to 9000px (6/7)...
2026-08-12 03-42-20 [INFO]       [Selenium - eJobs] Incremental scroll to 10500px (7/7)...
2026-08-12 03-42-23 [INFO]    [eJobs] Loading page 3 for telecomunicatii...
2026-08-12 03-42-25 [INFO]       [Selenium - eJobs] Incremental scroll to 1500px (1/7)...
2026-08-12 03-42-26 [INFO]       [Selenium - eJobs] Incremental scroll to 3000px (2/7)...
2026-08-12 03-42-27 [INFO]       [Selenium - eJobs] Incremental scroll to 4500px (3/7)...
2026-08-12 03-42-28 [INFO]       [Selenium - eJobs] Incremental scroll to 6000px (4/7)...
2026-08-12 03-42-29 [INFO]       [Selenium - eJobs] Incremental scroll to 7500px (5/7)...
2026-08-12 03-42-31 [INFO]       [Selenium - eJobs] Incremental scroll to 9000px (6/7)...
2026-08-12 03-42-32 [INFO]       [Selenium - eJobs] Incremental scroll to 10500px (7/7)...
2026-08-12 03-42-35 [INFO]    [eJobs] Loading page 4 for telecomunicatii...
2026-08-12 03-42-37 [INFO]       [Selenium - eJobs] Incremental scroll to 1500px (1/7)...
2026-08-12 03-42-38 [INFO]       [Selenium - eJobs] Incremental scroll to 3000px (2/7)...
2026-08-12 03-42-39 [INFO]       [Selenium - eJobs] Incremental scroll to 4500px (3/7)...
2026-08-12 03-42-40 [INFO]       [Selenium - eJobs] Incremental scroll to 6000px (4/7)...
2026-08-12 03-42-41 [INFO]       [Selenium - eJobs] Incremental scroll to 7500px (5/7)...
2026-08-12 03-42-43 [INFO]       [Selenium - eJobs] Incremental scroll to 9000px (6/7)...
2026-08-12 03-42-44 [INFO]       [Selenium - eJobs] Incremental scroll to 10500px (7/7)...
2026-08-12 03-42-47 [INFO]    [eJobs] Loading page 5 for telecomunicatii...
2026-08-12 03-42-49 [INFO]       [Selenium - eJobs] Incremental scroll to 1500px (1/7)...
2026-08-12 03-42-50 [INFO]       [Selenium - eJobs] Incremental scroll to 3000px (2/7)...
2026-08-12 03-42-51 [INFO]       [Selenium - eJobs] Incremental scroll to 4500px (3/7)...
2026-08-12 03-42-52 [INFO]       [Selenium - eJobs] Incremental scroll to 6000px (4/7)...
2026-08-12 03-42-54 [INFO]       [Selenium - eJobs] Incremental scroll to 7500px (5/7)...
2026-08-12 03-42-55 [INFO]       [Selenium - eJobs] Incremental scroll to 9000px (6/7)...
2026-08-12 03-42-56 [INFO]       [Selenium - eJobs] Incremental scroll to 10500px (7/7)...
2026-08-12 03-42-59 [INFO]    [eJobs] Loading page 6 for telecomunicatii...
2026-08-12 03-43-00 [INFO]       [Selenium - eJobs] Incremental scroll to 1500px (1/7)...
2026-08-12 03-43-02 [INFO]       [Selenium - eJobs] Incremental scroll to 3000px (2/7)...
2026-08-12 03-43-03 [INFO]       [Selenium - eJobs] Incremental scroll to 4500px (3/7)...
2026-08-12 03-43-04 [INFO]       [Selenium - eJobs] Incremental scroll to 6000px (4/7)...
2026-08-12 03-43-05 [INFO]       [Selenium - eJobs] Incremental scroll to 7500px (5/7)...
2026-08-12 03-43-06 [INFO]       [Selenium - eJobs] Incremental scroll to 9000px (6/7)...
2026-08-12 03-43-08 [INFO]       [Selenium - eJobs] Incremental scroll to 10500px (7/7)...
2026-08-12 03-43-09 [INFO]    [eJobs] No jobs found on page 6. Reached end of category telecomunicatii.
2026-08-12 03-43-09 [INFO]    [Session - eJobs] Captured 6 cookies + real UA from the browser session for category 'telecomunicatii'.
2026-08-12 03-43-09 [INFO] 🔥 Starting async processing for 80 raw eJobs jobs in 'telecomunicatii'...
2026-08-12 03-43-09 [INFO]    [Session Reuse] Using 6 cookies from Selenium, over a curl_cffi client impersonating Chrome at the TLS/HTTP2 level.
2026-08-12 03-47-09 [INFO]    [Parser Engine - eJobs] Starting analytical parsing for 80 fetched pages...
2026-08-12 03-47-11 [INFO]    [Fetch Summary] raw=80 | saved=12 | never_fetched=0
2026-08-12 03-47-11 [INFO] [eJobs Category Summary] 'telecomunicatii': raw=80 saved=12 lost=68
2026-08-12 03-47-11 [INFO]    [eJobs Filter] Queued 'telecomunicatii' for DB save (12 jobs).
2026-08-12 03-47-11 [INFO]    [Cooldown - eJobs] Pausing 8s before next eJobs category...
2026-08-12 03-47-11 [INFO] [SQL Database] Done! Out of 12 filtered jobs, 12 were NEW and successfully saved.
2026-08-12 03-47-16 [INFO] 
🚀 Switching to eJobs category: INGINERIE 🚀
2026-08-12 03-47-17 [INFO]    [eJobs] Loading page 1 for inginerie...
2026-08-12 03-47-19 [INFO]       [Selenium - eJobs] Incremental scroll to 1500px (1/7)...
2026-08-12 03-47-21 [INFO]       [Selenium - eJobs] Incremental scroll to 3000px (2/7)...
2026-08-12 03-47-22 [INFO]       [Selenium - eJobs] Incremental scroll to 4500px (3/7)...
2026-08-12 03-47-23 [INFO]       [Selenium - eJobs] Incremental scroll to 6000px (4/7)...
2026-08-12 03-47-24 [INFO]       [Selenium - eJobs] Incremental scroll to 7500px (5/7)...
2026-08-12 03-47-25 [INFO]       [Selenium - eJobs] Incremental scroll to 9000px (6/7)...
2026-08-12 03-47-27 [INFO]       [Selenium - eJobs] Incremental scroll to 10500px (7/7)...
2026-08-12 03-47-30 [INFO]    [eJobs] Loading page 2 for inginerie...
2026-08-12 03-47-32 [INFO]       [Selenium - eJobs] Incremental scroll to 1500px (1/7)...
2026-08-12 03-47-34 [INFO]       [Selenium - eJobs] Incremental scroll to 3000px (2/7)...
2026-08-12 03-47-35 [INFO]       [Selenium - eJobs] Incremental scroll to 4500px (3/7)...
2026-08-12 03-47-36 [INFO]       [Selenium - eJobs] Incremental scroll to 6000px (4/7)...
2026-08-12 03-47-37 [INFO]       [Selenium - eJobs] Incremental scroll to 7500px (5/7)...
2026-08-12 03-47-38 [INFO]       [Selenium - eJobs] Incremental scroll to 9000px (6/7)...
2026-08-12 03-47-40 [INFO]       [Selenium - eJobs] Incremental scroll to 10500px (7/7)...
2026-08-12 03-47-43 [INFO]    [eJobs] Loading page 3 for inginerie...
2026-08-12 03-47-44 [INFO]       [Selenium - eJobs] Incremental scroll to 1500px (1/7)...
2026-08-12 03-47-46 [INFO]       [Selenium - eJobs] Incremental scroll to 3000px (2/7)...
2026-08-12 03-47-47 [INFO]       [Selenium - eJobs] Incremental scroll to 4500px (3/7)...
2026-08-12 03-47-48 [INFO]       [Selenium - eJobs] Incremental scroll to 6000px (4/7)...
2026-08-12 03-47-49 [INFO]       [Selenium - eJobs] Incremental scroll to 7500px (5/7)...
2026-08-12 03-47-50 [INFO]       [Selenium - eJobs] Incremental scroll to 9000px (6/7)...
2026-08-12 03-47-52 [INFO]       [Selenium - eJobs] Incremental scroll to 10500px (7/7)...
2026-08-12 03-47-55 [INFO]    [eJobs] Loading page 4 for inginerie...
2026-08-12 03-47-56 [INFO]       [Selenium - eJobs] Incremental scroll to 1500px (1/7)...
2026-08-12 03-47-58 [INFO]       [Selenium - eJobs] Incremental scroll to 3000px (2/7)...
2026-08-12 03-47-59 [INFO]       [Selenium - eJobs] Incremental scroll to 4500px (3/7)...
2026-08-12 03-48-00 [INFO]       [Selenium - eJobs] Incremental scroll to 6000px (4/7)...
2026-08-12 03-48-01 [INFO]       [Selenium - eJobs] Incremental scroll to 7500px (5/7)...
2026-08-12 03-48-02 [INFO]       [Selenium - eJobs] Incremental scroll to 9000px (6/7)...
2026-08-12 03-48-04 [INFO]       [Selenium - eJobs] Incremental scroll to 10500px (7/7)...
2026-08-12 03-48-07 [INFO]    [eJobs] Loading page 5 for inginerie...
2026-08-12 03-48-09 [INFO]       [Selenium - eJobs] Incremental scroll to 1500px (1/7)...
2026-08-12 03-48-10 [INFO]       [Selenium - eJobs] Incremental scroll to 3000px (2/7)...
2026-08-12 03-48-11 [INFO]       [Selenium - eJobs] Incremental scroll to 4500px (3/7)...
2026-08-12 03-48-12 [INFO]       [Selenium - eJobs] Incremental scroll to 6000px (4/7)...
2026-08-12 03-48-13 [INFO]       [Selenium - eJobs] Incremental scroll to 7500px (5/7)...
2026-08-12 03-48-15 [INFO]       [Selenium - eJobs] Incremental scroll to 9000px (6/7)...
2026-08-12 03-48-16 [INFO]       [Selenium - eJobs] Incremental scroll to 10500px (7/7)...
2026-08-12 03-48-19 [INFO]    [eJobs] Loading page 6 for inginerie...
2026-08-12 03-48-21 [INFO]       [Selenium - eJobs] Incremental scroll to 1500px (1/7)...
2026-08-12 03-48-22 [INFO]       [Selenium - eJobs] Incremental scroll to 3000px (2/7)...
2026-08-12 03-48-22 [INFO]    [Parser Engine - LinkedIn] Analyzing descriptions for fetched pages...
2026-08-12 03-48-23 [INFO]       [Selenium - eJobs] Incremental scroll to 4500px (3/7)...
2026-08-12 03-48-24 [INFO]       [Selenium - eJobs] Incremental scroll to 6000px (4/7)...
2026-08-12 03-48-25 [INFO]       [Selenium - eJobs] Incremental scroll to 7500px (5/7)...
2026-08-12 03-48-27 [INFO]       [Selenium - eJobs] Incremental scroll to 9000px (6/7)...
2026-08-12 03-48-28 [INFO]       [Selenium - eJobs] Incremental scroll to 10500px (7/7)...
2026-08-12 03-48-41 [INFO]    [LinkedIn Filter] Queued 'Full Stack' for DB save (256 jobs).
2026-08-12 03-48-41 [INFO]    [Cooldown - LinkedIn] Pausing 10s before next LinkedIn category...
2026-08-12 03-48-41 [INFO] [SQL Database] Done! Out of 256 filtered jobs, 256 were NEW and successfully saved.
2026-08-12 03-48-44 [INFO]    [eJobs] Loading page 7 for inginerie...
2026-08-12 03-48-45 [INFO]       [Selenium - eJobs] Incremental scroll to 1500px (1/7)...
2026-08-12 03-48-46 [INFO]       [Selenium - eJobs] Incremental scroll to 3000px (2/7)...
2026-08-12 03-48-48 [INFO]       [Selenium - eJobs] Incremental scroll to 4500px (3/7)...
2026-08-12 03-48-49 [INFO]       [Selenium - eJobs] Incremental scroll to 6000px (4/7)...
2026-08-12 03-48-50 [INFO]       [Selenium - eJobs] Incremental scroll to 7500px (5/7)...
2026-08-12 03-48-51 [INFO] 
🚀 Switching to LinkedIn category: DEVOPS 🚀
2026-08-12 03-48-51 [INFO]    [LinkedIn] Fetching HTML content for 'DevOps'...
2026-08-12 03-48-51 [INFO]       [Selenium - eJobs] Incremental scroll to 9000px (6/7)...
2026-08-12 03-48-52 [INFO]       [Selenium - eJobs] Incremental scroll to 10500px (7/7)...
2026-08-12 03-48-54 [INFO]    [Selenium - LinkedIn] Starting scroll down loop to load jobs...
2026-08-12 03-48-56 [INFO]    [eJobs] Loading page 8 for inginerie...
2026-08-12 03-48-57 [INFO]       [Selenium - eJobs] Incremental scroll to 1500px (1/7)...
2026-08-12 03-48-59 [INFO]       [Selenium - eJobs] Incremental scroll to 3000px (2/7)...
2026-08-12 03-49-00 [INFO]       [Selenium - eJobs] Incremental scroll to 4500px (3/7)...
2026-08-12 03-49-01 [INFO]       [Selenium - eJobs] Incremental scroll to 6000px (4/7)...
2026-08-12 03-49-02 [INFO]       [Selenium - eJobs] Incremental scroll to 7500px (5/7)...
2026-08-12 03-49-04 [INFO]       [Selenium - eJobs] Incremental scroll to 9000px (6/7)...
2026-08-12 03-49-05 [INFO]       [Selenium - eJobs] Incremental scroll to 10500px (7/7)...
2026-08-12 03-49-08 [INFO]    [eJobs] Loading page 9 for inginerie...
2026-08-12 03-49-10 [INFO]       [Selenium - eJobs] Incremental scroll to 1500px (1/7)...
2026-08-12 03-49-10 [INFO]    [Selenium - LinkedIn] Clicked 'Load More' button.
2026-08-12 03-49-11 [INFO]       [Selenium - eJobs] Incremental scroll to 3000px (2/7)...
2026-08-12 03-49-12 [INFO]       [Selenium - eJobs] Incremental scroll to 4500px (3/7)...
2026-08-12 03-49-13 [INFO]       [Selenium - eJobs] Incremental scroll to 6000px (4/7)...
2026-08-12 03-49-14 [INFO]    [Selenium - LinkedIn] Clicked 'Load More' button.
2026-08-12 03-49-14 [INFO]       [Selenium - eJobs] Incremental scroll to 7500px (5/7)...
2026-08-12 03-49-16 [INFO]       [Selenium - eJobs] Incremental scroll to 9000px (6/7)...
2026-08-12 03-49-17 [INFO]       [Selenium - eJobs] Incremental scroll to 10500px (7/7)...
2026-08-12 03-49-18 [INFO]    [Selenium - LinkedIn] Clicked 'Load More' button.
2026-08-12 03-49-20 [INFO]    [eJobs] Loading page 10 for inginerie...
2026-08-12 03-49-22 [INFO]       [Selenium - eJobs] Incremental scroll to 1500px (1/7)...
2026-08-12 03-49-22 [INFO]    [Selenium - LinkedIn] Clicked 'Load More' button.
2026-08-12 03-49-23 [INFO]       [Selenium - eJobs] Incremental scroll to 3000px (2/7)...
2026-08-12 03-49-24 [INFO]       [Selenium - eJobs] Incremental scroll to 4500px (3/7)...
2026-08-12 03-49-25 [INFO]       [Selenium - eJobs] Incremental scroll to 6000px (4/7)...
2026-08-12 03-49-26 [INFO]    [Selenium - LinkedIn] Clicked 'Load More' button.
2026-08-12 03-49-27 [INFO]       [Selenium - eJobs] Incremental scroll to 7500px (5/7)...
2026-08-12 03-49-28 [INFO]       [Selenium - eJobs] Incremental scroll to 9000px (6/7)...
2026-08-12 03-49-29 [INFO]       [Selenium - eJobs] Incremental scroll to 10500px (7/7)...
2026-08-12 03-49-30 [INFO]    [Selenium - LinkedIn] Clicked 'Load More' button.
2026-08-12 03-49-32 [INFO]    [eJobs] Loading page 11 for inginerie...
2026-08-12 03-49-34 [INFO]       [Selenium - eJobs] Incremental scroll to 1500px (1/7)...
2026-08-12 03-49-34 [INFO]    [Selenium - LinkedIn] Clicked 'Load More' button.
2026-08-12 03-49-35 [INFO]       [Selenium - eJobs] Incremental scroll to 3000px (2/7)...
2026-08-12 03-49-36 [INFO]       [Selenium - eJobs] Incremental scroll to 4500px (3/7)...
2026-08-12 03-49-37 [INFO]       [Selenium - eJobs] Incremental scroll to 6000px (4/7)...
2026-08-12 03-49-38 [INFO]    [Selenium - LinkedIn] Clicked 'Load More' button.
2026-08-12 03-49-39 [INFO]       [Selenium - eJobs] Incremental scroll to 7500px (5/7)...
2026-08-12 03-49-40 [INFO]       [Selenium - eJobs] Incremental scroll to 9000px (6/7)...
2026-08-12 03-49-41 [INFO]       [Selenium - eJobs] Incremental scroll to 10500px (7/7)...
2026-08-12 03-49-42 [INFO]    [Selenium - LinkedIn] Clicked 'Load More' button.
2026-08-12 03-49-44 [INFO]    [eJobs] Loading page 12 for inginerie...
2026-08-12 03-49-46 [INFO]       [Selenium - eJobs] Incremental scroll to 1500px (1/7)...
2026-08-12 03-49-46 [INFO]    [Selenium - LinkedIn] Clicked 'Load More' button.
2026-08-12 03-49-47 [INFO]       [Selenium - eJobs] Incremental scroll to 3000px (2/7)...
2026-08-12 03-49-48 [INFO]       [Selenium - eJobs] Incremental scroll to 4500px (3/7)...
2026-08-12 03-49-49 [INFO]       [Selenium - eJobs] Incremental scroll to 6000px (4/7)...
2026-08-12 03-49-50 [INFO]    [Selenium - LinkedIn] Clicked 'Load More' button.
2026-08-12 03-49-50 [INFO]       [Selenium - eJobs] Incremental scroll to 7500px (5/7)...
2026-08-12 03-49-52 [INFO]       [Selenium - eJobs] Incremental scroll to 9000px (6/7)...
2026-08-12 03-49-53 [INFO]       [Selenium - eJobs] Incremental scroll to 10500px (7/7)...
2026-08-12 03-49-54 [INFO]    [Selenium - LinkedIn] Clicked 'Load More' button.
2026-08-12 03-49-56 [INFO]    [eJobs] Loading page 13 for inginerie...
2026-08-12 03-49-58 [INFO]       [Selenium - eJobs] Incremental scroll to 1500px (1/7)...
2026-08-12 03-49-58 [INFO]    [Selenium - LinkedIn] Clicked 'Load More' button.
2026-08-12 03-49-59 [INFO]       [Selenium - eJobs] Incremental scroll to 3000px (2/7)...
2026-08-12 03-50-00 [INFO]       [Selenium - eJobs] Incremental scroll to 4500px (3/7)...
2026-08-12 03-50-01 [INFO]       [Selenium - eJobs] Incremental scroll to 6000px (4/7)...
2026-08-12 03-50-02 [INFO]       [Selenium - eJobs] Incremental scroll to 7500px (5/7)...
2026-08-12 03-50-03 [INFO]    [Selenium - LinkedIn] Clicked 'Load More' button.
2026-08-12 03-50-04 [INFO]       [Selenium - eJobs] Incremental scroll to 9000px (6/7)...
2026-08-12 03-50-05 [INFO]       [Selenium - eJobs] Incremental scroll to 10500px (7/7)...
2026-08-12 03-50-07 [INFO]    [Selenium - LinkedIn] Clicked 'Load More' button.
2026-08-12 03-50-08 [INFO]    [eJobs] Loading page 14 for inginerie...
2026-08-12 03-50-10 [INFO]       [Selenium - eJobs] Incremental scroll to 1500px (1/7)...
2026-08-12 03-50-11 [INFO]    [Selenium - LinkedIn] Clicked 'Load More' button.
2026-08-12 03-50-11 [INFO]       [Selenium - eJobs] Incremental scroll to 3000px (2/7)...
2026-08-12 03-50-12 [INFO]       [Selenium - eJobs] Incremental scroll to 4500px (3/7)...
2026-08-12 03-50-13 [INFO]       [Selenium - eJobs] Incremental scroll to 6000px (4/7)...
2026-08-12 03-50-15 [INFO]       [Selenium - eJobs] Incremental scroll to 7500px (5/7)...
2026-08-12 03-50-15 [INFO]    [Selenium - LinkedIn] Clicked 'Load More' button.
2026-08-12 03-50-16 [INFO]       [Selenium - eJobs] Incremental scroll to 9000px (6/7)...
2026-08-12 03-50-17 [INFO]       [Selenium - eJobs] Incremental scroll to 10500px (7/7)...
2026-08-12 03-50-19 [INFO]    [Selenium - LinkedIn] Clicked 'Load More' button.
2026-08-12 03-50-20 [INFO]    [eJobs] Loading page 15 for inginerie...
2026-08-12 03-50-22 [INFO]       [Selenium - eJobs] Incremental scroll to 1500px (1/7)...
2026-08-12 03-50-23 [INFO]    [Selenium - LinkedIn] Clicked 'Load More' button.
2026-08-12 03-50-23 [INFO]       [Selenium - eJobs] Incremental scroll to 3000px (2/7)...
2026-08-12 03-50-24 [INFO]       [Selenium - eJobs] Incremental scroll to 4500px (3/7)...
2026-08-12 03-50-26 [INFO]       [Selenium - eJobs] Incremental scroll to 6000px (4/7)...
2026-08-12 03-50-27 [INFO]       [Selenium - eJobs] Incremental scroll to 7500px (5/7)...
2026-08-12 03-50-27 [INFO]    [Selenium - LinkedIn] Clicked 'Load More' button.
2026-08-12 03-50-28 [INFO]       [Selenium - eJobs] Incremental scroll to 9000px (6/7)...
2026-08-12 03-50-29 [INFO]       [Selenium - eJobs] Incremental scroll to 10500px (7/7)...
2026-08-12 03-50-31 [INFO]    [Selenium - LinkedIn] Clicked 'Load More' button.
2026-08-12 03-50-33 [INFO]    [eJobs] Loading page 16 for inginerie...
2026-08-12 03-50-34 [INFO]       [Selenium - eJobs] Incremental scroll to 1500px (1/7)...
2026-08-12 03-50-35 [INFO]    [Selenium - LinkedIn] Clicked 'Load More' button.
2026-08-12 03-50-35 [INFO]       [Selenium - eJobs] Incremental scroll to 3000px (2/7)...
2026-08-12 03-50-36 [INFO]       [Selenium - eJobs] Incremental scroll to 4500px (3/7)...
2026-08-12 03-50-38 [INFO]       [Selenium - eJobs] Incremental scroll to 6000px (4/7)...
2026-08-12 03-50-39 [INFO]       [Selenium - eJobs] Incremental scroll to 7500px (5/7)...
2026-08-12 03-50-39 [INFO]    [Selenium - LinkedIn] Clicked 'Load More' button.
2026-08-12 03-50-40 [INFO]       [Selenium - eJobs] Incremental scroll to 9000px (6/7)...
2026-08-12 03-50-41 [INFO]       [Selenium - eJobs] Incremental scroll to 10500px (7/7)...
2026-08-12 03-50-43 [INFO]    [Selenium - LinkedIn] Clicked 'Load More' button.
2026-08-12 03-50-45 [INFO]    [eJobs] Loading page 17 for inginerie...
2026-08-12 03-50-46 [INFO]       [Selenium - eJobs] Incremental scroll to 1500px (1/7)...
2026-08-12 03-50-47 [INFO]    [Selenium - LinkedIn] Clicked 'Load More' button.
2026-08-12 03-50-47 [INFO]       [Selenium - eJobs] Incremental scroll to 3000px (2/7)...
2026-08-12 03-50-48 [INFO]       [Selenium - eJobs] Incremental scroll to 4500px (3/7)...
2026-08-12 03-50-50 [INFO]       [Selenium - eJobs] Incremental scroll to 6000px (4/7)...
2026-08-12 03-50-51 [INFO]       [Selenium - eJobs] Incremental scroll to 7500px (5/7)...
2026-08-12 03-50-51 [INFO]    [Selenium - LinkedIn] Clicked 'Load More' button.
2026-08-12 03-50-52 [INFO]       [Selenium - eJobs] Incremental scroll to 9000px (6/7)...
2026-08-12 03-50-53 [INFO]       [Selenium - eJobs] Incremental scroll to 10500px (7/7)...
2026-08-12 03-50-55 [INFO]    [Selenium - LinkedIn] Clicked 'Load More' button.
2026-08-12 03-50-57 [INFO]    [eJobs] Loading page 18 for inginerie...
2026-08-12 03-50-58 [INFO]       [Selenium - eJobs] Incremental scroll to 1500px (1/7)...
2026-08-12 03-50-59 [INFO]       [Selenium - eJobs] Incremental scroll to 3000px (2/7)...
2026-08-12 03-50-59 [INFO]    [Selenium - LinkedIn] Clicked 'Load More' button.
2026-08-12 03-51-00 [INFO]       [Selenium - eJobs] Incremental scroll to 4500px (3/7)...
2026-08-12 03-51-01 [INFO]       [Selenium - eJobs] Incremental scroll to 6000px (4/7)...
2026-08-12 03-51-03 [INFO]       [Selenium - eJobs] Incremental scroll to 7500px (5/7)...
2026-08-12 03-51-03 [INFO]    [Selenium - LinkedIn] Clicked 'Load More' button.
2026-08-12 03-51-04 [INFO]       [Selenium - eJobs] Incremental scroll to 9000px (6/7)...
2026-08-12 03-51-05 [INFO]       [Selenium - eJobs] Incremental scroll to 10500px (7/7)...
2026-08-12 03-51-06 [INFO]    [eJobs] No jobs found on page 18. Reached end of category inginerie.
2026-08-12 03-51-06 [INFO]    [Session - eJobs] Captured 6 cookies + real UA from the browser session for category 'inginerie'.
2026-08-12 03-51-06 [INFO] 🔥 Starting async processing for 448 raw eJobs jobs in 'inginerie'...
2026-08-12 03-51-06 [INFO]    [Session Reuse] Using 6 cookies from Selenium, over a curl_cffi client impersonating Chrome at the TLS/HTTP2 level.
2026-08-12 03-51-07 [INFO]    [Selenium - LinkedIn] Clicked 'Load More' button.
2026-08-12 03-51-11 [INFO]    [Selenium - LinkedIn] Clicked 'Load More' button.
2026-08-12 03-51-15 [INFO]    [Selenium - LinkedIn] Clicked 'Load More' button.
2026-08-12 03-51-19 [INFO]    [Selenium - LinkedIn] Clicked 'Load More' button.
2026-08-12 03-51-23 [INFO]    [Selenium - LinkedIn] Clicked 'Load More' button.
2026-08-12 03-51-23 [INFO]    [Selenium - LinkedIn] End of jobs reached after 40 scrolls. Stopping.
2026-08-12 03-51-24 [INFO]    [LinkedIn] Parsing job cards for 'DevOps'...
2026-08-12 03-51-24 [INFO] [Soup - LinkedIn] Found 449 raw job cards.
2026-08-12 03-51-24 [INFO] 🔥 Starting async processing for 449 raw LinkedIn jobs in 'DevOps'...
2026-08-12 03-55-34 [INFO]    [Parser Engine - BestJobs] Starting analytical parsing for 1094 fetched pages...
2026-08-12 03-55-53 [INFO]    [BestJobs Filter] Queued 'engineering' for DB save (84 jobs).
2026-08-12 03-55-53 [INFO] 
🚀 Switching to BestJobs category: PRODUCTION 🚀
2026-08-12 03-55-53 [INFO]    [BestJobs] Fetching HTML content for 'production'...
2026-08-12 03-55-53 [INFO] [SQL Database] Done! Out of 84 filtered jobs, 84 were NEW and successfully saved.
2026-08-12 03-55-56 [INFO]    [Selenium - BestJobs] Starting progressive manual scroll and click loop...
2026-08-12 03-55-59 [INFO]    [Selenium - BestJobs] Clicked 'Load more' (1/50). Loading next batch...
2026-08-12 03-56-04 [INFO]    [Selenium - BestJobs] Clicked 'Load more' (2/50). Loading next batch...
2026-08-12 03-56-08 [INFO]    [Selenium - BestJobs] Clicked 'Load more' (3/50). Loading next batch...
2026-08-12 03-56-13 [INFO]    [Selenium - BestJobs] Clicked 'Load more' (4/50). Loading next batch...
2026-08-12 03-56-17 [INFO]    [Selenium - BestJobs] Clicked 'Load more' (5/50). Loading next batch...
2026-08-12 03-56-22 [INFO]    [Selenium - BestJobs] Clicked 'Load more' (6/50). Loading next batch...
2026-08-12 03-56-27 [INFO]    [Selenium - BestJobs] Clicked 'Load more' (7/50). Loading next batch...
2026-08-12 03-56-32 [INFO]    [Selenium - BestJobs] Clicked 'Load more' (8/50). Loading next batch...
2026-08-12 03-56-38 [INFO]    [Selenium - BestJobs] Clicked 'Load more' (9/50). Loading next batch...
2026-08-12 03-56-44 [INFO]    [Selenium - BestJobs] Clicked 'Load more' (10/50). Loading next batch...
2026-08-12 03-56-49 [INFO]    [Selenium - BestJobs] Clicked 'Load more' (11/50). Loading next batch...
2026-08-12 03-56-56 [INFO]    [Selenium - BestJobs] Clicked 'Load more' (12/50). Loading next batch...
2026-08-12 03-57-02 [INFO]    [Selenium - BestJobs] Clicked 'Load more' (13/50). Loading next batch...
2026-08-12 03-57-09 [INFO]    [Selenium - BestJobs] Clicked 'Load more' (14/50). Loading next batch...
2026-08-12 03-57-16 [INFO]    [Selenium - BestJobs] Clicked 'Load more' (15/50). Loading next batch...
2026-08-12 03-57-24 [INFO]    [Selenium - BestJobs] Clicked 'Load more' (16/50). Loading next batch...
2026-08-12 03-57-32 [INFO]    [Selenium - BestJobs] Clicked 'Load more' (17/50). Loading next batch...
2026-08-12 03-57-40 [INFO]    [Selenium - BestJobs] Clicked 'Load more' (18/50). Loading next batch...
2026-08-12 03-57-48 [INFO]    [Selenium - BestJobs] Clicked 'Load more' (19/50). Loading next batch...
2026-08-12 03-57-57 [INFO]    [Selenium - BestJobs] Clicked 'Load more' (20/50). Loading next batch...
2026-08-12 03-58-05 [INFO]    [Selenium - BestJobs] Clicked 'Load more' (21/50). Loading next batch...
2026-08-12 03-58-15 [INFO]    [Selenium - BestJobs] Clicked 'Load more' (22/50). Loading next batch...
2026-08-12 03-58-24 [INFO]    [Selenium - BestJobs] Clicked 'Load more' (23/50). Loading next batch...
2026-08-12 03-58-34 [INFO]    [Selenium - BestJobs] Clicked 'Load more' (24/50). Loading next batch...
2026-08-12 03-58-44 [INFO]    [Selenium - BestJobs] Clicked 'Load more' (25/50). Loading next batch...
2026-08-12 03-58-55 [INFO]    [Selenium - BestJobs] Clicked 'Load more' (26/50). Loading next batch...
2026-08-12 03-59-06 [INFO]    [Selenium - BestJobs] Clicked 'Load more' (27/50). Loading next batch...
2026-08-12 03-59-18 [INFO]    [Selenium - BestJobs] Clicked 'Load more' (28/50). Loading next batch...
2026-08-12 03-59-29 [INFO]    [Selenium - BestJobs] Clicked 'Load more' (29/50). Loading next batch...
2026-08-12 03-59-41 [INFO]    [Selenium - BestJobs] Clicked 'Load more' (30/50). Loading next batch...
2026-08-12 03-59-54 [INFO]    [Selenium - BestJobs] Clicked 'Load more' (31/50). Loading next batch...
2026-08-12 04-00-06 [INFO]    [Selenium - BestJobs] Clicked 'Load more' (32/50). Loading next batch...
2026-08-12 04-00-18 [INFO]    [Selenium - BestJobs] Clicked 'Load more' (33/50). Loading next batch...
2026-08-12 04-00-31 [INFO]    [Selenium - BestJobs] Clicked 'Load more' (34/50). Loading next batch...
2026-08-12 04-00-46 [INFO]    [Selenium - BestJobs] Clicked 'Load more' (35/50). Loading next batch...
2026-08-12 04-00-59 [INFO]    [Selenium - BestJobs] Clicked 'Load more' (36/50). Loading next batch...
2026-08-12 04-01-15 [INFO]    [Selenium - BestJobs] Clicked 'Load more' (37/50). Loading next batch...
2026-08-12 04-01-28 [INFO]    [Selenium - BestJobs] Clicked 'Load more' (38/50). Loading next batch...
2026-08-12 04-01-34 [WARNING] [Rate Limit 429 - curl_cffi] Blocked on: https://ro.linkedin.com/jobs/view/it-infrastructure-administrator-at-omilia-4452628411
2026-08-12 04-01-44 [INFO]    [Selenium - BestJobs] Clicked 'Load more' (39/50). Loading next batch...
2026-08-12 04-01-59 [INFO]    [Selenium - BestJobs] Clicked 'Load more' (40/50). Loading next batch...
2026-08-12 04-02-15 [INFO]    [Selenium - BestJobs] Clicked 'Load more' (41/50). Loading next batch...
2026-08-12 04-02-30 [INFO]    [Selenium - BestJobs] Clicked 'Load more' (42/50). Loading next batch...
2026-08-12 04-02-47 [INFO]    [Selenium - BestJobs] Clicked 'Load more' (43/50). Loading next batch...
2026-08-12 04-03-03 [INFO]    [Selenium - BestJobs] Clicked 'Load more' (44/50). Loading next batch...
2026-08-12 04-03-21 [INFO]    [Selenium - BestJobs] Clicked 'Load more' (45/50). Loading next batch...
2026-08-12 04-03-39 [INFO]    [Selenium - BestJobs] Clicked 'Load more' (46/50). Loading next batch...
2026-08-12 04-03-57 [INFO]    [Selenium - BestJobs] Clicked 'Load more' (47/50). Loading next batch...
2026-08-12 04-04-14 [INFO]    [Selenium - BestJobs] Clicked 'Load more' (48/50). Loading next batch...
2026-08-12 04-04-26 [WARNING]    [Retry Round 1] Re-attempting 1 jobs. Cooling down 15s...
2026-08-12 04-04-34 [INFO]    [Selenium - BestJobs] Clicked 'Load more' (49/50). Loading next batch...
2026-08-12 04-04-45 [INFO]    [Parser Engine - LinkedIn] Analyzing descriptions for fetched pages...
2026-08-12 04-04-52 [INFO]    [Selenium - BestJobs] Clicked 'Load more' (50/50). Loading next batch...
2026-08-12 04-05-03 [INFO] 
[Soup - BestJobs] Total jobs loaded after deep scroll: 1248 !
2026-08-12 04-05-21 [INFO]    [LinkedIn Filter] Queued 'DevOps' for DB save (449 jobs).
2026-08-12 04-05-21 [INFO]    [Cooldown - LinkedIn] Pausing 10s before next LinkedIn category...
2026-08-12 04-05-21 [INFO] [SQL Database] Done! Out of 449 filtered jobs, 449 were NEW and successfully saved.
2026-08-12 04-05-24 [INFO] 🔥 Starting async processing for 885 raw BestJobs jobs in 'production'...
2026-08-12 04-05-24 [ERROR] [curl_cffi Error] Failed to perform, curl: (28) Operation timed out after 36745 milliseconds with 0 bytes received. See https://curl.se/libcurl/c/libcurl-errors.html first for more details. for URL: https://www.ejobs.ro/user/locuri-de-munca/service-contract-and-price-analyst-with-french/1978026
2026-08-12 04-05-31 [INFO] 
🚀 Switching to LinkedIn category: CLOUD 🚀
2026-08-12 04-05-31 [INFO]    [LinkedIn] Fetching HTML content for 'Cloud'...
2026-08-12 04-05-34 [INFO]    [Selenium - LinkedIn] Starting scroll down loop to load jobs...
2026-08-12 04-05-50 [INFO]    [Selenium - LinkedIn] Clicked 'Load More' button.
2026-08-12 04-05-54 [INFO]    [Selenium - LinkedIn] Clicked 'Load More' button.
2026-08-12 04-05-58 [INFO]    [Selenium - LinkedIn] Clicked 'Load More' button.
2026-08-12 04-06-02 [INFO]    [Selenium - LinkedIn] Clicked 'Load More' button.
2026-08-12 04-06-07 [INFO]    [Selenium - LinkedIn] Clicked 'Load More' button.
2026-08-12 04-06-11 [INFO]    [Selenium - LinkedIn] Clicked 'Load More' button.
2026-08-12 04-06-15 [INFO]    [Selenium - LinkedIn] Clicked 'Load More' button.
2026-08-12 04-06-19 [INFO]    [Selenium - LinkedIn] Clicked 'Load More' button.
2026-08-12 04-06-23 [INFO]    [Selenium - LinkedIn] Clicked 'Load More' button.
2026-08-12 04-06-27 [INFO]    [Selenium - LinkedIn] Clicked 'Load More' button.
2026-08-12 04-06-29 [INFO]    [Selenium - LinkedIn] End of jobs reached after 17 scrolls. Stopping.
2026-08-12 04-06-29 [INFO]    [LinkedIn] Parsing job cards for 'Cloud'...
2026-08-12 04-06-29 [INFO] [Soup - LinkedIn] Found 220 raw job cards.
2026-08-12 04-06-29 [INFO] 🔥 Starting async processing for 219 raw LinkedIn jobs in 'Cloud'...
2026-08-12 04-12-43 [INFO]    [Parser Engine - LinkedIn] Analyzing descriptions for fetched pages...
2026-08-12 04-12-58 [INFO]    [LinkedIn Filter] Queued 'Cloud' for DB save (219 jobs).
2026-08-12 04-12-58 [INFO]    [Cooldown - LinkedIn] Pausing 10s before next LinkedIn category...
2026-08-12 04-12-58 [INFO] [SQL Database] Done! Out of 219 filtered jobs, 219 were NEW and successfully saved.
2026-08-12 04-13-08 [INFO] 
🚀 Switching to LinkedIn category: DATA 🚀
2026-08-12 04-13-08 [INFO]    [LinkedIn] Fetching HTML content for 'Data'...
2026-08-12 04-13-11 [INFO]    [Selenium - LinkedIn] Starting scroll down loop to load jobs...
2026-08-12 04-13-27 [INFO]    [Selenium - LinkedIn] Clicked 'Load More' button.
2026-08-12 04-13-31 [INFO]    [Selenium - LinkedIn] Clicked 'Load More' button.
2026-08-12 04-13-35 [INFO]    [Selenium - LinkedIn] Clicked 'Load More' button.
2026-08-12 04-13-39 [INFO]    [Selenium - LinkedIn] Clicked 'Load More' button.
2026-08-12 04-13-43 [INFO]    [Selenium - LinkedIn] Clicked 'Load More' button.
2026-08-12 04-13-47 [INFO]    [Selenium - LinkedIn] Clicked 'Load More' button.
2026-08-12 04-13-51 [INFO]    [Selenium - LinkedIn] Clicked 'Load More' button.
2026-08-12 04-13-55 [INFO]    [Selenium - LinkedIn] Clicked 'Load More' button.
2026-08-12 04-13-59 [INFO]    [Selenium - LinkedIn] Clicked 'Load More' button.
2026-08-12 04-14-03 [INFO]    [Selenium - LinkedIn] Clicked 'Load More' button.
2026-08-12 04-14-07 [INFO]    [Selenium - LinkedIn] Clicked 'Load More' button.
2026-08-12 04-14-12 [INFO]    [Selenium - LinkedIn] Clicked 'Load More' button.
2026-08-12 04-14-16 [INFO]    [Selenium - LinkedIn] Clicked 'Load More' button.
2026-08-12 04-14-20 [INFO]    [Selenium - LinkedIn] Clicked 'Load More' button.
2026-08-12 04-14-24 [INFO]    [Selenium - LinkedIn] Clicked 'Load More' button.
2026-08-12 04-14-26 [WARNING]    [Retry Round 1] Re-attempting 1 jobs. Cooling down 15s...
2026-08-12 04-14-28 [INFO]    [Selenium - LinkedIn] Clicked 'Load More' button.
2026-08-12 04-14-30 [INFO]    [Selenium - LinkedIn] End of jobs reached after 23 scrolls. Stopping.
2026-08-12 04-14-30 [INFO]    [LinkedIn] Parsing job cards for 'Data'...
2026-08-12 04-14-30 [INFO] [Soup - LinkedIn] Found 279 raw job cards.
2026-08-12 04-14-30 [INFO] 🔥 Starting async processing for 276 raw LinkedIn jobs in 'Data'...
2026-08-12 04-14-45 [INFO]    [Parser Engine - eJobs] Starting analytical parsing for 448 fetched pages...
2026-08-12 04-14-58 [INFO]    [Fetch Summary] raw=448 | saved=34 | never_fetched=0
2026-08-12 04-14-58 [INFO] [eJobs Category Summary] 'inginerie': raw=448 saved=34 lost=414
2026-08-12 04-14-58 [INFO]    [eJobs Filter] Queued 'inginerie' for DB save (34 jobs).
2026-08-12 04-14-58 [INFO]    [Cooldown - eJobs] Pausing 8s before next eJobs category...
2026-08-12 04-14-58 [INFO] [SQL Database] Done! Out of 34 filtered jobs, 34 were NEW and successfully saved.
2026-08-12 04-15-03 [INFO] 
🚀 Switching to eJobs category: PRODUCTIE 🚀
2026-08-12 04-15-03 [INFO]    [eJobs] Loading page 1 for productie...
2026-08-12 04-15-06 [INFO]       [Selenium - eJobs] Incremental scroll to 1500px (1/7)...
2026-08-12 04-15-07 [INFO]       [Selenium - eJobs] Incremental scroll to 3000px (2/7)...
2026-08-12 04-15-08 [INFO]       [Selenium - eJobs] Incremental scroll to 4500px (3/7)...
2026-08-12 04-15-09 [INFO]       [Selenium - eJobs] Incremental scroll to 6000px (4/7)...
2026-08-12 04-15-10 [INFO]       [Selenium - eJobs] Incremental scroll to 7500px (5/7)...
2026-08-12 04-15-12 [INFO]       [Selenium - eJobs] Incremental scroll to 9000px (6/7)...
2026-08-12 04-15-13 [INFO]       [Selenium - eJobs] Incremental scroll to 10500px (7/7)...
2026-08-12 04-15-16 [INFO]    [eJobs] Loading page 2 for productie...
2026-08-12 04-15-18 [INFO]       [Selenium - eJobs] Incremental scroll to 1500px (1/7)...
2026-08-12 04-15-19 [INFO]       [Selenium - eJobs] Incremental scroll to 3000px (2/7)...
2026-08-12 04-15-20 [INFO]       [Selenium - eJobs] Incremental scroll to 4500px (3/7)...
2026-08-12 04-15-21 [INFO]       [Selenium - eJobs] Incremental scroll to 6000px (4/7)...
2026-08-12 04-15-22 [INFO]       [Selenium - eJobs] Incremental scroll to 7500px (5/7)...
2026-08-12 04-15-24 [INFO]       [Selenium - eJobs] Incremental scroll to 9000px (6/7)...
2026-08-12 04-15-25 [INFO]       [Selenium - eJobs] Incremental scroll to 10500px (7/7)...
2026-08-12 04-15-28 [INFO]    [eJobs] Loading page 3 for productie...
2026-08-12 04-15-30 [INFO]       [Selenium - eJobs] Incremental scroll to 1500px (1/7)...
2026-08-12 04-15-31 [INFO]       [Selenium - eJobs] Incremental scroll to 3000px (2/7)...
2026-08-12 04-15-32 [INFO]       [Selenium - eJobs] Incremental scroll to 4500px (3/7)...
2026-08-12 04-15-33 [INFO]       [Selenium - eJobs] Incremental scroll to 6000px (4/7)...
2026-08-12 04-15-35 [INFO]       [Selenium - eJobs] Incremental scroll to 7500px (5/7)...
2026-08-12 04-15-36 [INFO]       [Selenium - eJobs] Incremental scroll to 9000px (6/7)...
2026-08-12 04-15-37 [INFO]       [Selenium - eJobs] Incremental scroll to 10500px (7/7)...
2026-08-12 04-15-40 [INFO]    [eJobs] Loading page 4 for productie...
2026-08-12 04-15-42 [INFO]       [Selenium - eJobs] Incremental scroll to 1500px (1/7)...
2026-08-12 04-15-43 [INFO]       [Selenium - eJobs] Incremental scroll to 3000px (2/7)...
2026-08-12 04-15-44 [INFO]       [Selenium - eJobs] Incremental scroll to 4500px (3/7)...
2026-08-12 04-15-46 [INFO]       [Selenium - eJobs] Incremental scroll to 6000px (4/7)...
2026-08-12 04-15-47 [INFO]       [Selenium - eJobs] Incremental scroll to 7500px (5/7)...
2026-08-12 04-15-48 [INFO]       [Selenium - eJobs] Incremental scroll to 9000px (6/7)...
2026-08-12 04-15-49 [INFO]       [Selenium - eJobs] Incremental scroll to 10500px (7/7)...
2026-08-12 04-15-53 [INFO]    [eJobs] Loading page 5 for productie...
2026-08-12 04-15-54 [INFO]       [Selenium - eJobs] Incremental scroll to 1500px (1/7)...
2026-08-12 04-15-55 [INFO]       [Selenium - eJobs] Incremental scroll to 3000px (2/7)...
2026-08-12 04-15-56 [INFO]       [Selenium - eJobs] Incremental scroll to 4500px (3/7)...
2026-08-12 04-15-58 [INFO]       [Selenium - eJobs] Incremental scroll to 6000px (4/7)...
2026-08-12 04-15-59 [INFO]       [Selenium - eJobs] Incremental scroll to 7500px (5/7)...
2026-08-12 04-16-00 [INFO]       [Selenium - eJobs] Incremental scroll to 9000px (6/7)...
2026-08-12 04-16-01 [INFO]       [Selenium - eJobs] Incremental scroll to 10500px (7/7)...
2026-08-12 04-16-05 [INFO]    [eJobs] Loading page 6 for productie...
2026-08-12 04-16-06 [INFO]       [Selenium - eJobs] Incremental scroll to 1500px (1/7)...
2026-08-12 04-16-07 [INFO]       [Selenium - eJobs] Incremental scroll to 3000px (2/7)...
2026-08-12 04-16-08 [INFO]       [Selenium - eJobs] Incremental scroll to 4500px (3/7)...
2026-08-12 04-16-09 [INFO]       [Selenium - eJobs] Incremental scroll to 6000px (4/7)...
2026-08-12 04-16-11 [INFO]       [Selenium - eJobs] Incremental scroll to 7500px (5/7)...
2026-08-12 04-16-12 [INFO]       [Selenium - eJobs] Incremental scroll to 9000px (6/7)...
2026-08-12 04-16-13 [INFO]       [Selenium - eJobs] Incremental scroll to 10500px (7/7)...
2026-08-12 04-16-14 [INFO]    [eJobs] No jobs found on page 6. Reached end of category productie.
2026-08-12 04-16-14 [INFO]    [Session - eJobs] Captured 6 cookies + real UA from the browser session for category 'productie'.
2026-08-12 04-16-14 [INFO] 🔥 Starting async processing for 77 raw eJobs jobs in 'productie'...
2026-08-12 04-16-14 [INFO]    [Session Reuse] Using 6 cookies from Selenium, over a curl_cffi client impersonating Chrome at the TLS/HTTP2 level.
2026-08-12 04-16-25 [INFO]    [Parser Engine - BestJobs] Starting analytical parsing for 885 fetched pages...
2026-08-12 04-16-39 [INFO]    [BestJobs Filter] Queued 'production' for DB save (38 jobs).
2026-08-12 04-16-39 [INFO] 
[BestJobs] Closing browser session...
2026-08-12 04-16-39 [INFO] [SQL Database] Done! Out of 38 filtered jobs, 38 were NEW and successfully saved.
2026-08-12 04-20-11 [INFO]    [Parser Engine - eJobs] Starting analytical parsing for 77 fetched pages...
2026-08-12 04-20-13 [INFO]    [Fetch Summary] raw=77 | saved=4 | never_fetched=0
2026-08-12 04-20-13 [INFO] [eJobs Category Summary] 'productie': raw=77 saved=4 lost=73
2026-08-12 04-20-13 [INFO]    [eJobs Filter] Queued 'productie' for DB save (4 jobs).
2026-08-12 04-20-13 [INFO]    [Cooldown - eJobs] Pausing 8s before next eJobs category...
2026-08-12 04-20-13 [INFO] [SQL Database] Done! Out of 4 filtered jobs, 4 were NEW and successfully saved.
2026-08-12 04-22-39 [INFO]    [Parser Engine - LinkedIn] Analyzing descriptions for fetched pages...
2026-08-12 04-22-58 [INFO]    [LinkedIn Filter] Queued 'Data' for DB save (254 jobs).
2026-08-12 04-22-58 [INFO]    [Cooldown - LinkedIn] Pausing 10s before next LinkedIn category...
2026-08-12 04-22-58 [INFO] [SQL Database] Done! Out of 254 filtered jobs, 254 were NEW and successfully saved.
2026-08-12 04-23-08 [INFO] 
🚀 Switching to LinkedIn category: QA 🚀
2026-08-12 04-23-08 [INFO]    [LinkedIn] Fetching HTML content for 'QA'...
2026-08-12 04-23-11 [INFO]    [Selenium - LinkedIn] Starting scroll down loop to load jobs...
2026-08-12 04-23-27 [INFO]    [Selenium - LinkedIn] Clicked 'Load More' button.
2026-08-12 04-23-31 [INFO]    [Selenium - LinkedIn] Clicked 'Load More' button.
2026-08-12 04-23-35 [INFO]    [Selenium - LinkedIn] Clicked 'Load More' button.
2026-08-12 04-23-39 [INFO]    [Selenium - LinkedIn] Clicked 'Load More' button.
2026-08-12 04-23-43 [INFO]    [Selenium - LinkedIn] Clicked 'Load More' button.
2026-08-12 04-23-47 [INFO]    [Selenium - LinkedIn] Clicked 'Load More' button.
2026-08-12 04-23-51 [INFO]    [Selenium - LinkedIn] Clicked 'Load More' button.
2026-08-12 04-23-55 [INFO]    [Selenium - LinkedIn] Clicked 'Load More' button.
2026-08-12 04-23-59 [INFO]    [Selenium - LinkedIn] Clicked 'Load More' button.
2026-08-12 04-24-03 [INFO]    [Selenium - LinkedIn] Clicked 'Load More' button.
2026-08-12 04-24-07 [INFO]    [Selenium - LinkedIn] Clicked 'Load More' button.
2026-08-12 04-24-11 [INFO]    [Selenium - LinkedIn] Clicked 'Load More' button.
2026-08-12 04-24-15 [INFO]    [Selenium - LinkedIn] Clicked 'Load More' button.
2026-08-12 04-24-19 [INFO]    [Selenium - LinkedIn] Clicked 'Load More' button.
2026-08-12 04-24-24 [INFO]    [Selenium - LinkedIn] Clicked 'Load More' button.
2026-08-12 04-24-28 [INFO]    [Selenium - LinkedIn] Clicked 'Load More' button.
2026-08-12 04-24-32 [INFO]    [Selenium - LinkedIn] Clicked 'Load More' button.
2026-08-12 04-24-36 [INFO]    [Selenium - LinkedIn] Clicked 'Load More' button.
2026-08-12 04-24-40 [INFO]    [Selenium - LinkedIn] Clicked 'Load More' button.
2026-08-12 04-24-44 [INFO]    [Selenium - LinkedIn] Clicked 'Load More' button.
2026-08-12 04-24-48 [INFO]    [Selenium - LinkedIn] Clicked 'Load More' button.
2026-08-12 04-24-52 [INFO]    [Selenium - LinkedIn] Clicked 'Load More' button.
2026-08-12 04-24-56 [INFO]    [Selenium - LinkedIn] Clicked 'Load More' button.
2026-08-12 04-24-58 [INFO]    [Selenium - LinkedIn] End of jobs reached after 30 scrolls. Stopping.
2026-08-12 04-24-58 [INFO]    [LinkedIn] Parsing job cards for 'QA'...
2026-08-12 04-24-58 [INFO] [Soup - LinkedIn] Found 348 raw job cards.
2026-08-12 04-24-58 [INFO] 🔥 Starting async processing for 345 raw LinkedIn jobs in 'QA'...
2026-08-12 04-34-35 [INFO]    [Parser Engine - LinkedIn] Analyzing descriptions for fetched pages...
2026-08-12 04-34-59 [INFO]    [LinkedIn Filter] Queued 'QA' for DB save (204 jobs).
2026-08-12 04-34-59 [INFO]    [Cooldown - LinkedIn] Pausing 10s before next LinkedIn category...
2026-08-12 04-34-59 [INFO] [SQL Database] Done! Out of 204 filtered jobs, 204 were NEW and successfully saved.
2026-08-12 04-35-09 [INFO] 
🚀 Switching to LinkedIn category: TESTING 🚀
2026-08-12 04-35-09 [INFO]    [LinkedIn] Fetching HTML content for 'Testing'...
2026-08-12 04-35-12 [INFO]    [Selenium - LinkedIn] Starting scroll down loop to load jobs...
2026-08-12 04-35-28 [INFO]    [Selenium - LinkedIn] Clicked 'Load More' button.
2026-08-12 04-35-32 [INFO]    [Selenium - LinkedIn] Clicked 'Load More' button.
2026-08-12 04-35-36 [INFO]    [Selenium - LinkedIn] Clicked 'Load More' button.
2026-08-12 04-35-40 [INFO]    [Selenium - LinkedIn] Clicked 'Load More' button.
2026-08-12 04-35-44 [INFO]    [Selenium - LinkedIn] Clicked 'Load More' button.
2026-08-12 04-35-48 [INFO]    [Selenium - LinkedIn] Clicked 'Load More' button.
2026-08-12 04-35-52 [INFO]    [Selenium - LinkedIn] Clicked 'Load More' button.
2026-08-12 04-35-56 [INFO]    [Selenium - LinkedIn] Clicked 'Load More' button.
2026-08-12 04-36-00 [INFO]    [Selenium - LinkedIn] Clicked 'Load More' button.
2026-08-12 04-36-04 [INFO]    [Selenium - LinkedIn] Clicked 'Load More' button.
2026-08-12 04-36-08 [INFO]    [Selenium - LinkedIn] Clicked 'Load More' button.
2026-08-12 04-36-12 [INFO]    [Selenium - LinkedIn] Clicked 'Load More' button.
2026-08-12 04-36-16 [INFO]    [Selenium - LinkedIn] Clicked 'Load More' button.
2026-08-12 04-36-20 [INFO]    [Selenium - LinkedIn] Clicked 'Load More' button.
2026-08-12 04-36-24 [INFO]    [Selenium - LinkedIn] Clicked 'Load More' button.
2026-08-12 04-36-29 [INFO]    [Selenium - LinkedIn] Clicked 'Load More' button.
2026-08-12 04-36-31 [INFO]    [Selenium - LinkedIn] End of jobs reached after 23 scrolls. Stopping.
2026-08-12 04-36-31 [INFO]    [LinkedIn] Parsing job cards for 'Testing'...
2026-08-12 04-36-31 [INFO] [Soup - LinkedIn] Found 280 raw job cards.
2026-08-12 04-36-31 [INFO] 🔥 Starting async processing for 278 raw LinkedIn jobs in 'Testing'...
2026-08-12 04-44-18 [INFO]    [Parser Engine - LinkedIn] Analyzing descriptions for fetched pages...
2026-08-12 04-44-37 [INFO]    [LinkedIn Filter] Queued 'Testing' for DB save (209 jobs).
2026-08-12 04-44-37 [INFO]    [Cooldown - LinkedIn] Pausing 10s before next LinkedIn category...
2026-08-12 04-44-37 [INFO] [SQL Database] Done! Out of 209 filtered jobs, 209 were NEW and successfully saved.
2026-08-12 04-44-47 [INFO] 
🚀 Switching to LinkedIn category: AUTOMATION 🚀
2026-08-12 04-44-47 [INFO]    [LinkedIn] Fetching HTML content for 'Automation'...
2026-08-12 04-44-49 [INFO]    [Selenium - LinkedIn] Starting scroll down loop to load jobs...
2026-08-12 04-45-06 [INFO]    [Selenium - LinkedIn] Clicked 'Load More' button.
2026-08-12 04-45-10 [INFO]    [Selenium - LinkedIn] Clicked 'Load More' button.
2026-08-12 04-45-14 [INFO]    [Selenium - LinkedIn] Clicked 'Load More' button.
2026-08-12 04-45-18 [INFO]    [Selenium - LinkedIn] Clicked 'Load More' button.
2026-08-12 04-45-22 [INFO]    [Selenium - LinkedIn] Clicked 'Load More' button.
2026-08-12 04-45-26 [INFO]    [Selenium - LinkedIn] Clicked 'Load More' button.
2026-08-12 04-45-30 [INFO]    [Selenium - LinkedIn] Clicked 'Load More' button.
2026-08-12 04-45-34 [INFO]    [Selenium - LinkedIn] Clicked 'Load More' button.
2026-08-12 04-45-38 [INFO]    [Selenium - LinkedIn] Clicked 'Load More' button.
2026-08-12 04-45-42 [INFO]    [Selenium - LinkedIn] Clicked 'Load More' button.
2026-08-12 04-45-46 [INFO]    [Selenium - LinkedIn] Clicked 'Load More' button.
2026-08-12 04-45-50 [INFO]    [Selenium - LinkedIn] Clicked 'Load More' button.
2026-08-12 04-45-54 [INFO]    [Selenium - LinkedIn] Clicked 'Load More' button.
2026-08-12 04-45-56 [INFO]    [Selenium - LinkedIn] End of jobs reached after 20 scrolls. Stopping.
2026-08-12 04-45-56 [INFO]    [LinkedIn] Parsing job cards for 'Automation'...
2026-08-12 04-45-56 [INFO] [Soup - LinkedIn] Found 250 raw job cards.
2026-08-12 04-45-56 [INFO] 🔥 Starting async processing for 246 raw LinkedIn jobs in 'Automation'...
2026-08-12 04-52-57 [INFO]    [Parser Engine - LinkedIn] Analyzing descriptions for fetched pages...
2026-08-12 04-53-14 [INFO]    [LinkedIn Filter] Queued 'Automation' for DB save (187 jobs).
2026-08-12 04-53-14 [INFO]    [Cooldown - LinkedIn] Pausing 10s before next LinkedIn category...
2026-08-12 04-53-14 [INFO] [SQL Database] Done! Out of 187 filtered jobs, 187 were NEW and successfully saved.
2026-08-12 04-53-24 [INFO] 
🚀 Switching to LinkedIn category: IT 🚀
2026-08-12 04-53-24 [INFO]    [LinkedIn] Fetching HTML content for 'IT'...
2026-08-12 04-53-26 [INFO]    [Selenium - LinkedIn] Starting scroll down loop to load jobs...
2026-08-12 04-53-42 [INFO]    [Selenium - LinkedIn] Clicked 'Load More' button.
2026-08-12 04-53-46 [INFO]    [Selenium - LinkedIn] Clicked 'Load More' button.
2026-08-12 04-53-50 [INFO]    [Selenium - LinkedIn] Clicked 'Load More' button.
2026-08-12 04-53-55 [INFO]    [Selenium - LinkedIn] Clicked 'Load More' button.
2026-08-12 04-53-59 [INFO]    [Selenium - LinkedIn] Clicked 'Load More' button.
2026-08-12 04-54-03 [INFO]    [Selenium - LinkedIn] Clicked 'Load More' button.
2026-08-12 04-54-07 [INFO]    [Selenium - LinkedIn] Clicked 'Load More' button.
2026-08-12 04-54-11 [INFO]    [Selenium - LinkedIn] Clicked 'Load More' button.
2026-08-12 04-54-13 [INFO]    [Selenium - LinkedIn] End of jobs reached after 15 scrolls. Stopping.
2026-08-12 04-54-13 [INFO]    [LinkedIn] Parsing job cards for 'IT'...
2026-08-12 04-54-13 [INFO] [Soup - LinkedIn] Found 200 raw job cards.
2026-08-12 04-54-13 [INFO] 🔥 Starting async processing for 194 raw LinkedIn jobs in 'IT'...
2026-08-12 04-59-40 [INFO]    [Parser Engine - LinkedIn] Analyzing descriptions for fetched pages...
2026-08-12 04-59-54 [INFO]    [LinkedIn Filter] Queued 'IT' for DB save (143 jobs).
2026-08-12 04-59-54 [INFO]    [Cooldown - LinkedIn] Pausing 10s before next LinkedIn category...
2026-08-12 04-59-54 [INFO] [SQL Database] Done! Out of 143 filtered jobs, 143 were NEW and successfully saved.
2026-08-12 05-00-04 [INFO] 
[DB Queue] Waiting for all pending database writes to complete...
2026-08-12 05-00-04 [INFO] 
Total IT jobs saved during this run: 4017
2026-08-12 05-00-04 [INFO] 
[Checker] Starting verification of active jobs for expiration...
2026-08-12 05-00-04 [INFO] [Checker] No active jobs found in the database to verify.
2026-08-12 05-00-04 [INFO] [Telegram] Notification sent successfully!
2026-08-12 05-00-04 [INFO] 
========================================
2026-08-12 05-00-04 [INFO]    📊 ACTIVE JOB MARKET REPORT 📊   
2026-08-12 05-00-04 [INFO] ========================================
2026-08-12 05-00-04 [INFO]  CLOUD : 1558 jobs
2026-08-12 05-00-04 [INFO]  PYTHON : 1114 jobs
2026-08-12 05-00-04 [INFO]  CI/CD : 1111 jobs
2026-08-12 05-00-04 [INFO]  SQL : 994 jobs
2026-08-12 05-00-04 [INFO]  AZURE : 807 jobs
2026-08-12 05-00-04 [INFO]  AWS : 789 jobs
2026-08-12 05-00-04 [INFO]  JAVA : 753 jobs
2026-08-12 05-00-04 [INFO]  KUBERNETES : 725 jobs
2026-08-12 05-00-04 [INFO]  DOCKER : 705 jobs
2026-08-12 05-00-04 [INFO]  GIT : 634 jobs
2026-08-12 05-00-04 [INFO]  JAVASCRIPT : 465 jobs
2026-08-12 05-00-04 [INFO]  GO : 444 jobs
2026-08-12 05-00-04 [INFO]  TERRAFORM : 422 jobs
2026-08-12 05-00-04 [INFO]  GITHUB : 408 jobs
2026-08-12 05-00-04 [INFO]  TYPESCRIPT : 393 jobs
2026-08-12 05-00-04 [INFO]  REACT : 383 jobs
2026-08-12 05-00-04 [INFO]  GCP : 374 jobs
2026-08-12 05-00-04 [INFO]  POSTGRESQL : 340 jobs
2026-08-12 05-00-04 [INFO]  SPRING : 301 jobs
2026-08-12 05-00-04 [INFO]  GITLAB : 296 jobs
2026-08-12 05-00-04 [INFO]  C# : 281 jobs
2026-08-12 05-00-04 [INFO]  ORACLE : 280 jobs
2026-08-12 05-00-04 [INFO]  BASH : 260 jobs
2026-08-12 05-00-04 [INFO]  ANGULAR : 252 jobs
2026-08-12 05-00-04 [INFO]  KAFKA : 250 jobs
2026-08-12 05-00-04 [INFO]  .NET : 249 jobs
2026-08-12 05-00-04 [INFO]  GRAFANA : 248 jobs
2026-08-12 05-00-04 [INFO]  C++ : 196 jobs
2026-08-12 05-00-04 [INFO]  ANSIBLE : 195 jobs
2026-08-12 05-00-04 [INFO]  MYSQL : 192 jobs
2026-08-12 05-00-04 [INFO]  NODE : 191 jobs
2026-08-12 05-00-04 [INFO]  PROMETHEUS : 188 jobs
2026-08-12 05-00-04 [INFO]  CYBERSECURITY : 165 jobs
2026-08-12 05-00-04 [INFO]  DATABRICKS : 151 jobs
2026-08-12 05-00-04 [INFO]  MONGODB : 143 jobs
2026-08-12 05-00-04 [INFO]  SELENIUM : 125 jobs
2026-08-12 05-00-04 [INFO]  REDIS : 124 jobs
2026-08-12 05-00-04 [INFO]  SPARK : 123 jobs
2026-08-12 05-00-04 [INFO]  PLAYWRIGHT : 119 jobs
2026-08-12 05-00-04 [INFO]  POSTMAN : 110 jobs
2026-08-12 05-00-04 [INFO]  HELM : 104 jobs
2026-08-12 05-00-04 [INFO]  PHP : 104 jobs
2026-08-12 05-00-04 [INFO]  EXPRESS : 98 jobs
2026-08-12 05-00-04 [INFO]  LUA : 95 jobs
2026-08-12 05-00-04 [INFO]  AIRFLOW : 89 jobs
2026-08-12 05-00-04 [INFO]  VUE : 88 jobs
2026-08-12 05-00-04 [INFO]  SERVERLESS : 85 jobs
2026-08-12 05-00-04 [INFO]  LAMBDA : 84 jobs
2026-08-12 05-00-04 [INFO]  OPENSHIFT : 80 jobs
2026-08-12 05-00-04 [INFO]  GRAPHQL : 76 jobs
2026-08-12 05-00-04 [INFO]  KOTLIN : 72 jobs
2026-08-12 05-00-04 [INFO]  ENCRYPTION : 70 jobs
2026-08-12 05-00-04 [INFO]  CYPRESS : 67 jobs
2026-08-12 05-00-04 [INFO]  OPENAI : 64 jobs
2026-08-12 05-00-04 [INFO]  ASP.NET : 63 jobs
2026-08-12 05-00-04 [INFO]  FASTAPI : 63 jobs
2026-08-12 05-00-04 [INFO]  HIBERNATE : 60 jobs
2026-08-12 05-00-04 [INFO]  DYNAMODB : 58 jobs
2026-08-12 05-00-04 [INFO]  GOLANG : 55 jobs
2026-08-12 05-00-04 [INFO]  ELASTICSEARCH : 55 jobs
2026-08-12 05-00-04 [INFO]  JMETER : 54 jobs
2026-08-12 05-00-04 [INFO]  DJANGO : 50 jobs
2026-08-12 05-00-04 [INFO]  OAUTH : 49 jobs
2026-08-12 05-00-04 [INFO]  CASSANDRA : 48 jobs
2026-08-12 05-00-04 [INFO]  BITBUCKET : 43 jobs
2026-08-12 05-00-04 [INFO]  POSTGRES : 43 jobs
2026-08-12 05-00-04 [INFO]  LANGCHAIN : 42 jobs
2026-08-12 05-00-04 [INFO]  SCALA : 41 jobs
2026-08-12 05-00-04 [INFO]  RUBY : 39 jobs
2026-08-12 05-00-04 [INFO]  PANDAS : 38 jobs
2026-08-12 05-00-04 [INFO]  NEXT.JS : 38 jobs
2026-08-12 05-00-04 [INFO]  JWT : 37 jobs
2026-08-12 05-00-04 [INFO]  OWASP : 37 jobs
2026-08-12 05-00-04 [INFO]  REACT NATIVE : 35 jobs
2026-08-12 05-00-04 [INFO]  PYTORCH : 33 jobs
2026-08-12 05-00-04 [INFO]  FLASK : 29 jobs
2026-08-12 05-00-04 [INFO]  RUST : 28 jobs
2026-08-12 05-00-04 [INFO]  TENSORFLOW : 27 jobs
2026-08-12 05-00-04 [INFO]  FLUTTER : 26 jobs
2026-08-12 05-00-04 [INFO]  WORDPRESS : 25 jobs
2026-08-12 05-00-04 [INFO]  PENETRATION TESTING : 25 jobs
2026-08-12 05-00-04 [INFO]  HADOOP : 21 jobs
2026-08-12 05-00-04 [INFO]  TAILWIND : 17 jobs
2026-08-12 05-00-04 [INFO]  NUMPY : 15 jobs
2026-08-12 05-00-04 [INFO]  PODMAN : 14 jobs
2026-08-12 05-00-04 [INFO]  WIRESHARK : 9 jobs
2026-08-12 05-00-04 [INFO]   SVELTE : 5 jobs
2026-08-12 05-00-04 [INFO]  IONIC : 2 jobs
2026-08-12 05-00-04 [INFO]  SQLSERVER : 2 jobs
2026-08-12 05-00-04 [INFO]  NUXT.JS : 2 jobs
2026-08-12 05-00-04 [INFO]  SOLIDITY : 2 jobs
2026-08-12 05-00-04 [INFO]  MONGO : 2 jobs
2026-08-12 05-00-04 [INFO]  DOTNET : 1 jobs
2026-08-12 05-00-04 [INFO] ========================================

2026-08-12 05-00-04 [INFO] ========================================
2026-08-12 05-00-04 [INFO]    🏢 WORK MODE DISTRIBUTION 🏢   
2026-08-12 05-00-04 [INFO] ========================================
2026-08-12 05-00-04 [INFO]  🤝 HYBRID : 635 jobs
2026-08-12 05-00-04 [INFO]  🏢 ON-SITE : 1881 jobs
2026-08-12 05-00-04 [INFO]  🏠 REMOTE : 575 jobs
2026-08-12 05-00-04 [INFO] 
========================================
2026-08-12 05-00-04 [INFO]    📊 EXPERIENCE LEVEL DISTRIBUTION 📊   
2026-08-12 05-00-04 [INFO] ========================================
2026-08-12 05-00-04 [INFO]  📊Entry-Level (< 2 ani) : 389 jobs
2026-08-12 05-00-04 [INFO]  📊Mid-Level (2-5 ani) : 1238 jobs
2026-08-12 05-00-04 [INFO]  📊Senior-Level (> 5 ani) : 1106 jobs
2026-08-12 05-00-04 [INFO]  📊Unknown : 358 jobs
2026-08-12 05-00-04 [INFO] ========================================
